group,time_of_day,DWF,MNF,ADWF,GWI,SF
Friday,00:00,3.406921333333333,2.055521833333333,3.7953529421296293,1.7763872266368017,1.6305341066965313
Friday,00:05,3.2453373333333335,2.055521833333333,3.7953529421296293,1.7763872266368017,1.4689501066965318
Friday,00:10,3.316621666666667,2.055521833333333,3.7953529421296293,1.7763872266368017,1.540234440029865
Friday,00:15,3.2733486666666667,2.055521833333333,3.7953529421296293,1.7763872266368017,1.496961440029865
Friday,00:20,3.2983089999999997,2.055521833333333,3.7953529421296293,1.7763872266368017,1.521921773363198
Friday,00:25,3.149827666666667,2.055521833333333,3.7953529421296293,1.7763872266368017,1.3734404400298652
Friday,00:30,3.268689333333333,2.055521833333333,3.7953529421296293,1.7763872266368017,1.4923021066965314
Friday,00:35,2.9830928333333335,2.055521833333333,3.7953529421296293,1.7763872266368017,1.2067056066965318
Friday,00:40,2.94469,2.055521833333333,3.7953529421296293,1.7763872266368017,1.1683027733631983
Friday,00:45,2.8646833333333332,2.055521833333333,3.7953529421296293,1.7763872266368017,1.0882961066965315
Friday,00:50,2.5387945,2.055521833333333,3.7953529421296293,1.7763872266368017,0.7624072733631981
Friday,00:55,2.6239291666666666,2.055521833333333,3.7953529421296293,1.7763872266368017,0.8475419400298649
Friday,01:00,2.5105253333333333,2.055521833333333,3.7953529421296293,1.7763872266368017,0.7341381066965316
Friday,01:05,2.5489346666666663,2.055521833333333,3.7953529421296293,1.7763872266368017,0.7725474400298646
Friday,01:10,2.5171055,2.055521833333333,3.7953529421296293,1.7763872266368017,0.7407182733631983
Friday,01:15,2.5854375,2.055521833333333,3.7953529421296293,1.7763872266368017,0.8090502733631981
Friday,01:20,2.4629481666666666,2.055521833333333,3.7953529421296293,1.7763872266368017,0.6865609400298649
Friday,01:25,2.3749051666666667,2.055521833333333,3.7953529421296293,1.7763872266368017,0.598517940029865
Friday,01:30,2.5438631666666667,2.055521833333333,3.7953529421296293,1.7763872266368017,0.767475940029865
Friday,01:35,2.3942676666666665,2.055521833333333,3.7953529421296293,1.7763872266368017,0.6178804400298648
Friday,01:40,2.3487705,2.055521833333333,3.7953529421296293,1.7763872266368017,0.5723832733631984
Friday,01:45,2.3257015,2.055521833333333,3.7953529421296293,1.7763872266368017,0.5493142733631984
Friday,01:50,2.3131035,2.055521833333333,3.7953529421296293,1.7763872266368017,0.5367162733631983
Friday,01:55,2.3090091666666663,2.055521833333333,3.7953529421296293,1.7763872266368017,0.5326219400298646
Friday,02:00,2.441432333333333,2.055521833333333,3.7953529421296293,1.7763872266368017,0.6650451066965315
Friday,02:05,2.4951953333333337,2.055521833333333,3.7953529421296293,1.7763872266368017,0.718808106696532
Friday,02:10,2.4165571666666668,2.055521833333333,3.7953529421296293,1.7763872266368017,0.640169940029865
Friday,02:15,2.358928666666667,2.055521833333333,3.7953529421296293,1.7763872266368017,0.5825414400298652
Friday,02:20,2.1586241666666663,2.055521833333333,3.7953529421296293,1.7763872266368017,0.38223694002986464
Friday,02:25,2.2163668333333333,2.055521833333333,3.7953529421296293,1.7763872266368017,0.4399796066965316
Friday,02:30,2.0779468333333333,2.055521833333333,3.7953529421296293,1.7763872266368017,0.3015596066965316
Friday,02:35,2.2003128333333333,2.055521833333333,3.7953529421296293,1.7763872266368017,0.42392560669653157
Friday,02:40,2.250983833333333,2.055521833333333,3.7953529421296293,1.7763872266368017,0.4745966066965315
Friday,02:45,2.083981,2.055521833333333,3.7953529421296293,1.7763872266368017,0.3075937733631984
Friday,02:50,2.1389608333333334,2.055521833333333,3.7953529421296293,1.7763872266368017,0.3625736066965317
Friday,02:55,2.094599833333333,2.055521833333333,3.7953529421296293,1.7763872266368017,0.3182126066965314
Friday,03:00,2.355408,2.055521833333333,3.7953529421296293,1.7763872266368017,0.5790207733631985
Friday,03:05,2.055521833333333,2.055521833333333,3.7953529421296293,1.7763872266368017,0.27913460669653145
Friday,03:10,2.3045828333333334,2.055521833333333,3.7953529421296293,1.7763872266368017,0.5281956066965316
Friday,03:15,2.1570336666666665,2.055521833333333,3.7953529421296293,1.7763872266368017,0.3806464400298648
Friday,03:20,2.2247653333333335,2.055521833333333,3.7953529421296293,1.7763872266368017,0.4483781066965318
Friday,03:25,2.3585506666666665,2.055521833333333,3.7953529421296293,1.7763872266368017,0.5821634400298648
Friday,03:30,2.1880046666666666,2.055521833333333,3.7953529421296293,1.7763872266368017,0.4116174400298649
Friday,03:35,2.4918549999999997,2.055521833333333,3.7953529421296293,1.7763872266368017,0.715467773363198
Friday,03:40,2.4589288333333332,2.055521833333333,3.7953529421296293,1.7763872266368017,0.6825416066965315
Friday,03:45,2.0749708333333334,2.055521833333333,3.7953529421296293,1.7763872266368017,0.2985836066965317
Friday,03:50,2.354690666666667,2.055521833333333,3.7953529421296293,1.7763872266368017,0.5783034400298652
Friday,03:55,2.3621434999999997,2.055521833333333,3.7953529421296293,1.7763872266368017,0.585756273363198
Friday,04:00,2.3146808333333335,2.055521833333333,3.7953529421296293,1.7763872266368017,0.5382936066965318
Friday,04:05,2.4140386666666664,2.055521833333333,3.7953529421296293,1.7763872266368017,0.6376514400298647
Friday,04:10,2.4099375000000003,2.055521833333333,3.7953529421296293,1.7763872266368017,0.6335502733631986
Friday,04:15,2.4369735,2.055521833333333,3.7953529421296293,1.7763872266368017,0.6605862733631984
Friday,04:20,2.651022333333333,2.055521833333333,3.7953529421296293,1.7763872266368017,0.8746351066965314
Friday,04:25,2.6073285,2.055521833333333,3.7953529421296293,1.7763872266368017,0.8309412733631982
Friday,04:30,2.4531006666666664,2.055521833333333,3.7953529421296293,1.7763872266368017,0.6767134400298647
Friday,04:35,2.4646120000000002,2.055521833333333,3.7953529421296293,1.7763872266368017,0.6882247733631985
Friday,04:40,2.623218666666667,2.055521833333333,3.7953529421296293,1.7763872266368017,0.8468314400298651
Friday,04:45,2.6937990000000003,2.055521833333333,3.7953529421296293,1.7763872266368017,0.9174117733631986
Friday,04:50,2.5995966666666668,2.055521833333333,3.7953529421296293,1.7763872266368017,0.8232094400298651
Friday,04:55,2.5008095000000004,2.055521833333333,3.7953529421296293,1.7763872266368017,0.7244222733631986
Friday,05:00,2.8635586666666666,2.055521833333333,3.7953529421296293,1.7763872266368017,1.0871714400298649
Friday,05:05,2.578291333333333,2.055521833333333,3.7953529421296293,1.7763872266368017,0.8019041066965313
Friday,05:10,2.624653,2.055521833333333,3.7953529421296293,1.7763872266368017,0.8482657733631982
Friday,05:15,2.5652923333333333,2.055521833333333,3.7953529421296293,1.7763872266368017,0.7889051066965316
Friday,05:20,2.798302833333333,2.055521833333333,3.7953529421296293,1.7763872266368017,1.0219156066965314
Friday,05:25,2.8682630000000002,2.055521833333333,3.7953529421296293,1.7763872266368017,1.0918757733631985
Friday,05:30,2.6162825,2.055521833333333,3.7953529421296293,1.7763872266368017,0.8398952733631984
Friday,05:35,2.7745085,2.055521833333333,3.7953529421296293,1.7763872266368017,0.9981212733631983
Friday,05:40,2.952472333333333,2.055521833333333,3.7953529421296293,1.7763872266368017,1.1760851066965314
Friday,05:45,3.0191916666666665,2.055521833333333,3.7953529421296293,1.7763872266368017,1.2428044400298648
Friday,05:50,3.163783,2.055521833333333,3.7953529421296293,1.7763872266368017,1.3873957733631983
Friday,05:55,3.2124825,2.055521833333333,3.7953529421296293,1.7763872266368017,1.4360952733631984
Friday,06:00,3.0673178333333335,2.055521833333333,3.7953529421296293,1.7763872266368017,1.2909306066965318
Friday,06:05,3.2164495,2.055521833333333,3.7953529421296293,1.7763872266368017,1.4400622733631983
Friday,06:10,3.356627833333333,2.055521833333333,3.7953529421296293,1.7763872266368017,1.5802406066965313
Friday,06:15,3.666552333333333,2.055521833333333,3.7953529421296293,1.7763872266368017,1.8901651066965315
Friday,06:20,3.6971554999999996,2.055521833333333,3.7953529421296293,1.7763872266368017,1.9207682733631979
Friday,06:25,3.7383843333333338,2.055521833333333,3.7953529421296293,1.7763872266368017,1.961997106696532
Friday,06:30,3.580454666666667,2.055521833333333,3.7953529421296293,1.7763872266368017,1.804067440029865
Friday,06:35,3.5439364999999996,2.055521833333333,3.7953529421296293,1.7763872266368017,1.767549273363198
Friday,06:40,3.7178823333333333,2.055521833333333,3.7953529421296293,1.7763872266368017,1.9414951066965316
Friday,06:45,3.7774803333333336,2.055521833333333,3.7953529421296293,1.7763872266368017,2.0010931066965316
Friday,06:50,3.9031805,2.055521833333333,3.7953529421296293,1.7763872266368017,2.126793273363198
Friday,06:55,3.796815,2.055521833333333,3.7953529421296293,1.7763872266368017,2.020427773363198
Friday,07:00,3.875319166666667,2.055521833333333,3.7953529421296293,1.7763872266368017,2.098931940029865
Friday,07:05,3.8160456666666662,2.055521833333333,3.7953529421296293,1.7763872266368017,2.0396584400298643
Friday,07:10,3.858868333333333,2.055521833333333,3.7953529421296293,1.7763872266368017,2.082481106696531
Friday,07:15,4.047581166666666,2.055521833333333,3.7953529421296293,1.7763872266368017,2.271193940029865
Friday,07:20,4.0874888333333335,2.055521833333333,3.7953529421296293,1.7763872266368017,2.311101606696532
Friday,07:25,4.1513634999999995,2.055521833333333,3.7953529421296293,1.7763872266368017,2.374976273363198
Friday,07:30,4.166549666666667,2.055521833333333,3.7953529421296293,1.7763872266368017,2.390162440029865
Friday,07:35,4.295695666666666,2.055521833333333,3.7953529421296293,1.7763872266368017,2.5193084400298646
Friday,07:40,4.3043190000000005,2.055521833333333,3.7953529421296293,1.7763872266368017,2.527931773363199
Friday,07:45,4.2327053333333335,2.055521833333333,3.7953529421296293,1.7763872266368017,2.456318106696532
Friday,07:50,4.2360006666666665,2.055521833333333,3.7953529421296293,1.7763872266368017,2.459613440029865
Friday,07:55,4.390918500000001,2.055521833333333,3.7953529421296293,1.7763872266368017,2.614531273363199
Friday,08:00,4.3655083333333335,2.055521833333333,3.7953529421296293,1.7763872266368017,2.589121106696532
Friday,08:05,4.49412,2.055521833333333,3.7953529421296293,1.7763872266368017,2.717732773363198
Friday,08:10,4.480631,2.055521833333333,3.7953529421296293,1.7763872266368017,2.7042437733631983
Friday,08:15,4.5042155,2.055521833333333,3.7953529421296293,1.7763872266368017,2.7278282733631984
Friday,08:20,4.425604,2.055521833333333,3.7953529421296293,1.7763872266368017,2.6492167733631984
Friday,08:25,4.418808333333334,2.055521833333333,3.7953529421296293,1.7763872266368017,2.642421106696532
Friday,08:30,4.3569675,2.055521833333333,3.7953529421296293,1.7763872266368017,2.580580273363198
Friday,08:35,4.3718995000000005,2.055521833333333,3.7953529421296293,1.7763872266368017,2.595512273363199
Friday,08:40,4.481749333333333,2.055521833333333,3.7953529421296293,1.7763872266368017,2.7053621066965317
Friday,08:45,4.5166865,2.055521833333333,3.7953529421296293,1.7763872266368017,2.740299273363198
Friday,08:50,4.42595,2.055521833333333,3.7953529421296293,1.7763872266368017,2.649562773363199
Friday,08:55,4.4527895,2.055521833333333,3.7953529421296293,1.7763872266368017,2.6764022733631982
Friday,09:00,4.455402833333333,2.055521833333333,3.7953529421296293,1.7763872266368017,2.679015606696532
Friday,09:05,4.310025166666667,2.055521833333333,3.7953529421296293,1.7763872266368017,2.533637940029865
Friday,09:10,4.266046,2.055521833333333,3.7953529421296293,1.7763872266368017,2.4896587733631987
Friday,09:15,4.1334428333333335,2.055521833333333,3.7953529421296293,1.7763872266368017,2.357055606696532
Friday,09:20,4.333821833333333,2.055521833333333,3.7953529421296293,1.7763872266368017,2.557434606696532
Friday,09:25,4.176684833333334,2.055521833333333,3.7953529421296293,1.7763872266368017,2.4002976066965322
Friday,09:30,4.3040001666666665,2.055521833333333,3.7953529421296293,1.7763872266368017,2.527612940029865
Friday,09:35,4.354050166666667,2.055521833333333,3.7953529421296293,1.7763872266368017,2.5776629400298656
Friday,09:40,4.318649333333333,2.055521833333333,3.7953529421296293,1.7763872266368017,2.5422621066965316
Friday,09:45,4.366572000000001,2.055521833333333,3.7953529421296293,1.7763872266368017,2.590184773363199
Friday,09:50,4.347468833333333,2.055521833333333,3.7953529421296293,1.7763872266368017,2.5710816066965316
Friday,09:55,4.2841295,2.055521833333333,3.7953529421296293,1.7763872266368017,2.507742273363198
Friday,10:00,4.348790999999999,2.055521833333333,3.7953529421296293,1.7763872266368017,2.572403773363198
Friday,10:05,4.3335835000000005,2.055521833333333,3.7953529421296293,1.7763872266368017,2.557196273363199
Friday,10:10,4.346906833333334,2.055521833333333,3.7953529421296293,1.7763872266368017,2.570519606696532
Friday,10:15,4.237019833333333,2.055521833333333,3.7953529421296293,1.7763872266368017,2.4606326066965316
Friday,10:20,4.120469833333334,2.055521833333333,3.7953529421296293,1.7763872266368017,2.3440826066965323
Friday,10:25,4.103696833333333,2.055521833333333,3.7953529421296293,1.7763872266368017,2.3273096066965318
Friday,10:30,4.199099333333334,2.055521833333333,3.7953529421296293,1.7763872266368017,2.4227121066965323
Friday,10:35,4.075333666666666,2.055521833333333,3.7953529421296293,1.7763872266368017,2.298946440029865
Friday,10:40,4.134565166666667,2.055521833333333,3.7953529421296293,1.7763872266368017,2.358177940029866
Friday,10:45,4.242172166666666,2.055521833333333,3.7953529421296293,1.7763872266368017,2.465784940029865
Friday,10:50,4.116078833333334,2.055521833333333,3.7953529421296293,1.7763872266368017,2.3396916066965323
Friday,10:55,4.218701333333333,2.055521833333333,3.7953529421296293,1.7763872266368017,2.4423141066965313
Friday,11:00,4.139254666666667,2.055521833333333,3.7953529421296293,1.7763872266368017,2.3628674400298655
Friday,11:05,4.061865833333333,2.055521833333333,3.7953529421296293,1.7763872266368017,2.2854786066965316
Friday,11:10,4.078264166666666,2.055521833333333,3.7953529421296293,1.7763872266368017,2.3018769400298646
Friday,11:15,4.128012,2.055521833333333,3.7953529421296293,1.7763872266368017,2.3516247733631985
Friday,11:20,4.149075333333333,2.055521833333333,3.7953529421296293,1.7763872266368017,2.3726881066965317
Friday,11:25,4.268283333333334,2.055521833333333,3.7953529421296293,1.7763872266368017,2.491896106696532
Friday,11:30,4.139503333333333,2.055521833333333,3.7953529421296293,1.7763872266368017,2.3631161066965314
Friday,11:35,4.067058833333333,2.055521833333333,3.7953529421296293,1.7763872266368017,2.290671606696532
Friday,11:40,4.028648666666666,2.055521833333333,3.7953529421296293,1.7763872266368017,2.252261440029865
Friday,11:45,4.022859,2.055521833333333,3.7953529421296293,1.7763872266368017,2.246471773363199
Friday,11:50,4.2944105,2.055521833333333,3.7953529421296293,1.7763872266368017,2.518023273363198
Friday,11:55,4.0979785,2.055521833333333,3.7953529421296293,1.7763872266368017,2.3215912733631985
Friday,12:00,4.0842545,2.055521833333333,3.7953529421296293,1.7763872266368017,2.3078672733631986
Friday,12:05,4.1282136666666664,2.055521833333333,3.7953529421296293,1.7763872266368017,2.351826440029865
Friday,12:10,4.329406,2.055521833333333,3.7953529421296293,1.7763872266368017,2.553018773363198
Friday,12:15,4.2322239999999995,2.055521833333333,3.7953529421296293,1.7763872266368017,2.455836773363198
Friday,12:20,4.143774333333334,2.055521833333333,3.7953529421296293,1.7763872266368017,2.3673871066965324
Friday,12:25,4.159833166666666,2.055521833333333,3.7953529421296293,1.7763872266368017,2.3834459400298647
Friday,12:30,4.149285166666666,2.055521833333333,3.7953529421296293,1.7763872266368017,2.3728979400298646
Friday,12:35,3.9956143333333336,2.055521833333333,3.7953529421296293,1.7763872266368017,2.2192271066965317
Friday,12:40,4.193228,2.055521833333333,3.7953529421296293,1.7763872266368017,2.416840773363199
Friday,12:45,4.070393999999999,2.055521833333333,3.7953529421296293,1.7763872266368017,2.294006773363198
Friday,12:50,3.9471418333333332,2.055521833333333,3.7953529421296293,1.7763872266368017,2.1707546066965318
Friday,12:55,3.975434,2.055521833333333,3.7953529421296293,1.7763872266368017,2.1990467733631984
Friday,13:00,4.056012666666667,2.055521833333333,3.7953529421296293,1.7763872266368017,2.2796254400298652
Friday,13:05,4.090207333333334,2.055521833333333,3.7953529421296293,1.7763872266368017,2.3138201066965323
Friday,13:10,4.1039129999999995,2.055521833333333,3.7953529421296293,1.7763872266368017,2.327525773363198
Friday,13:15,4.0617395,2.055521833333333,3.7953529421296293,1.7763872266368017,2.2853522733631983
Friday,13:20,4.091361833333333,2.055521833333333,3.7953529421296293,1.7763872266368017,2.3149746066965315
Friday,13:25,4.1460498333333335,2.055521833333333,3.7953529421296293,1.7763872266368017,2.369662606696532
Friday,13:30,3.9801823333333335,2.055521833333333,3.7953529421296293,1.7763872266368017,2.203795106696532
Friday,13:35,3.9562425,2.055521833333333,3.7953529421296293,1.7763872266368017,2.1798552733631986
Friday,13:40,4.019564666666667,2.055521833333333,3.7953529421296293,1.7763872266368017,2.243177440029865
Friday,13:45,4.007195,2.055521833333333,3.7953529421296293,1.7763872266368017,2.230807773363199
Friday,13:50,4.0512115,2.055521833333333,3.7953529421296293,1.7763872266368017,2.2748242733631985
Friday,13:55,4.0239125,2.055521833333333,3.7953529421296293,1.7763872266368017,2.2475252733631983
Friday,14:00,3.7774575,2.055521833333333,3.7953529421296293,1.7763872266368017,2.001070273363198
Friday,14:05,3.9879096666666665,2.055521833333333,3.7953529421296293,1.7763872266368017,2.2115224400298645
Friday,14:10,3.952844333333333,2.055521833333333,3.7953529421296293,1.7763872266368017,2.1764571066965317
Friday,14:15,4.013500333333333,2.055521833333333,3.7953529421296293,1.7763872266368017,2.2371131066965315
Friday,14:20,4.006645,2.055521833333333,3.7953529421296293,1.7763872266368017,2.2302577733631983
Friday,14:25,3.9655131666666663,2.055521833333333,3.7953529421296293,1.7763872266368017,2.1891259400298644
Friday,14:30,3.992342666666667,2.055521833333333,3.7953529421296293,1.7763872266368017,2.215955440029865
Friday,14:35,3.8895356666666667,2.055521833333333,3.7953529421296293,1.7763872266368017,2.113148440029865
Friday,14:40,4.043753166666666,2.055521833333333,3.7953529421296293,1.7763872266368017,2.2673659400298645
Friday,14:45,4.030296666666667,2.055521833333333,3.7953529421296293,1.7763872266368017,2.253909440029865
Friday,14:50,3.998780333333334,2.055521833333333,3.7953529421296293,1.7763872266368017,2.222393106696532
Friday,14:55,4.071765166666666,2.055521833333333,3.7953529421296293,1.7763872266368017,2.295377940029865
Friday,15:00,4.151147,2.055521833333333,3.7953529421296293,1.7763872266368017,2.3747597733631984
Friday,15:05,4.213658666666666,2.055521833333333,3.7953529421296293,1.7763872266368017,2.437271440029865
Friday,15:10,3.9774211666666663,2.055521833333333,3.7953529421296293,1.7763872266368017,2.2010339400298644
Friday,15:15,4.018271333333334,2.055521833333333,3.7953529421296293,1.7763872266368017,2.2418841066965323
Friday,15:20,4.0864875,2.055521833333333,3.7953529421296293,1.7763872266368017,2.310100273363198
Friday,15:25,4.1273159999999995,2.055521833333333,3.7953529421296293,1.7763872266368017,2.350928773363198
Friday,15:30,4.138444499999999,2.055521833333333,3.7953529421296293,1.7763872266368017,2.362057273363198
Friday,15:35,3.972231666666667,2.055521833333333,3.7953529421296293,1.7763872266368017,2.195844440029865
Friday,15:40,4.069889,2.055521833333333,3.7953529421296293,1.7763872266368017,2.2935017733631984
Friday,15:45,4.020389166666667,2.055521833333333,3.7953529421296293,1.7763872266368017,2.2440019400298654
Friday,15:50,3.9589848333333335,2.055521833333333,3.7953529421296293,1.7763872266368017,2.1825976066965316
Friday,15:55,3.8522796666666665,2.055521833333333,3.7953529421296293,1.7763872266368017,2.0758924400298646
Friday,16:00,4.045322666666666,2.055521833333333,3.7953529421296293,1.7763872266368017,2.268935440029865
Friday,16:05,4.261350166666666,2.055521833333333,3.7953529421296293,1.7763872266368017,2.484962940029865
Friday,16:10,4.255592166666667,2.055521833333333,3.7953529421296293,1.7763872266368017,2.4792049400298657
Friday,16:15,4.307565166666667,2.055521833333333,3.7953529421296293,1.7763872266368017,2.531177940029865
Friday,16:20,4.320229166666667,2.055521833333333,3.7953529421296293,1.7763872266368017,2.543841940029865
Friday,16:25,4.240501666666667,2.055521833333333,3.7953529421296293,1.7763872266368017,2.4641144400298653
Friday,16:30,4.2855405,2.055521833333333,3.7953529421296293,1.7763872266368017,2.5091532733631983
Friday,16:35,4.292985833333334,2.055521833333333,3.7953529421296293,1.7763872266368017,2.5165986066965322
Friday,16:40,4.116103333333333,2.055521833333333,3.7953529421296293,1.7763872266368017,2.3397161066965317
Friday,16:45,4.181724333333333,2.055521833333333,3.7953529421296293,1.7763872266368017,2.405337106696532
Friday,16:50,4.208292,2.055521833333333,3.7953529421296293,1.7763872266368017,2.4319047733631987
Friday,16:55,4.264518,2.055521833333333,3.7953529421296293,1.7763872266368017,2.4881307733631983
Friday,17:00,4.1426688333333335,2.055521833333333,3.7953529421296293,1.7763872266368017,2.366281606696532
Friday,17:05,4.1726015,2.055521833333333,3.7953529421296293,1.7763872266368017,2.3962142733631984
Friday,17:10,4.263300833333333,2.055521833333333,3.7953529421296293,1.7763872266368017,2.4869136066965316
Friday,17:15,4.376487166666666,2.055521833333333,3.7953529421296293,1.7763872266368017,2.6000999400298648
Friday,17:20,4.454664999999999,2.055521833333333,3.7953529421296293,1.7763872266368017,2.678277773363198
Friday,17:25,4.469341166666667,2.055521833333333,3.7953529421296293,1.7763872266368017,2.6929539400298657
Friday,17:30,4.527316333333333,2.055521833333333,3.7953529421296293,1.7763872266368017,2.750929106696532
Friday,17:35,4.583058333333334,2.055521833333333,3.7953529421296293,1.7763872266368017,2.806671106696532
Friday,17:40,4.587939833333333,2.055521833333333,3.7953529421296293,1.7763872266368017,2.811552606696532
Friday,17:45,4.6856495,2.055521833333333,3.7953529421296293,1.7763872266368017,2.9092622733631988
Friday,17:50,4.7066756666666665,2.055521833333333,3.7953529421296293,1.7763872266368017,2.930288440029865
Friday,17:55,4.677526666666666,2.055521833333333,3.7953529421296293,1.7763872266368017,2.9011394400298647
Friday,18:00,4.690518333333333,2.055521833333333,3.7953529421296293,1.7763872266368017,2.914131106696532
Friday,18:05,4.619206666666667,2.055521833333333,3.7953529421296293,1.7763872266368017,2.8428194400298654
Friday,18:10,4.911868,2.055521833333333,3.7953529421296293,1.7763872266368017,3.1354807733631986
Friday,18:15,5.039604166666667,2.055521833333333,3.7953529421296293,1.7763872266368017,3.2632169400298654
Friday,18:20,4.927613,2.055521833333333,3.7953529421296293,1.7763872266368017,3.1512257733631985
Friday,18:25,4.9079025,2.055521833333333,3.7953529421296293,1.7763872266368017,3.131515273363198
Friday,18:30,4.756540333333334,2.055521833333333,3.7953529421296293,1.7763872266368017,2.980153106696532
Friday,18:35,4.797516833333334,2.055521833333333,3.7953529421296293,1.7763872266368017,3.0211296066965323
Friday,18:40,4.896002833333333,2.055521833333333,3.7953529421296293,1.7763872266368017,3.1196156066965317
Friday,18:45,4.86056,2.055521833333333,3.7953529421296293,1.7763872266368017,3.084172773363199
Friday,18:50,4.846311666666667,2.055521833333333,3.7953529421296293,1.7763872266368017,3.0699244400298653
Friday,18:55,4.709033833333334,2.055521833333333,3.7953529421296293,1.7763872266368017,2.932646606696532
Friday,19:00,4.7728676666666665,2.055521833333333,3.7953529421296293,1.7763872266368017,2.996480440029865
Friday,19:05,4.7568595,2.055521833333333,3.7953529421296293,1.7763872266368017,2.9804722733631985
Friday,19:10,4.816180166666666,2.055521833333333,3.7953529421296293,1.7763872266368017,3.039792940029865
Friday,19:15,4.794672666666667,2.055521833333333,3.7953529421296293,1.7763872266368017,3.0182854400298655
Friday,19:20,4.8506405,2.055521833333333,3.7953529421296293,1.7763872266368017,3.0742532733631984
Friday,19:25,4.6667914999999995,2.055521833333333,3.7953529421296293,1.7763872266368017,2.890404273363198
Friday,19:30,4.7255895,2.055521833333333,3.7953529421296293,1.7763872266368017,2.9492022733631984
Friday,19:35,4.6468153333333335,2.055521833333333,3.7953529421296293,1.7763872266368017,2.870428106696532
Friday,19:40,4.729006166666667,2.055521833333333,3.7953529421296293,1.7763872266368017,2.9526189400298657
Friday,19:45,4.6740765,2.055521833333333,3.7953529421296293,1.7763872266368017,2.8976892733631985
Friday,19:50,4.640766333333333,2.055521833333333,3.7953529421296293,1.7763872266368017,2.864379106696531
Friday,19:55,4.55178,2.055521833333333,3.7953529421296293,1.7763872266368017,2.7753927733631985
Friday,20:00,4.565413166666667,2.055521833333333,3.7953529421296293,1.7763872266368017,2.789025940029865
Friday,20:05,4.627182666666667,2.055521833333333,3.7953529421296293,1.7763872266368017,2.8507954400298656
Friday,20:10,4.548412166666666,2.055521833333333,3.7953529421296293,1.7763872266368017,2.7720249400298647
Friday,20:15,4.516506,2.055521833333333,3.7953529421296293,1.7763872266368017,2.740118773363198
Friday,20:20,4.621679666666666,2.055521833333333,3.7953529421296293,1.7763872266368017,2.8452924400298647
Friday,20:25,4.802128,2.055521833333333,3.7953529421296293,1.7763872266368017,3.0257407733631982
Friday,20:30,4.7224034999999995,2.055521833333333,3.7953529421296293,1.7763872266368017,2.946016273363198
Friday,20:35,4.587037166666667,2.055521833333333,3.7953529421296293,1.7763872266368017,2.8106499400298652
Friday,20:40,4.6068445,2.055521833333333,3.7953529421296293,1.7763872266368017,2.8304572733631987
Friday,20:45,4.715491166666667,2.055521833333333,3.7953529421296293,1.7763872266368017,2.9391039400298657
Friday,20:50,4.5233110000000005,2.055521833333333,3.7953529421296293,1.7763872266368017,2.746923773363199
Friday,20:55,4.512602833333333,2.055521833333333,3.7953529421296293,1.7763872266368017,2.7362156066965317
Friday,21:00,4.4562610000000005,2.055521833333333,3.7953529421296293,1.7763872266368017,2.679873773363199
Friday,21:05,4.2017135,2.055521833333333,3.7953529421296293,1.7763872266368017,2.425326273363199
Friday,21:10,4.359189,2.055521833333333,3.7953529421296293,1.7763872266368017,2.5828017733631983
Friday,21:15,4.4221385,2.055521833333333,3.7953529421296293,1.7763872266368017,2.6457512733631985
Friday,21:20,4.359202,2.055521833333333,3.7953529421296293,1.7763872266368017,2.5828147733631983
Friday,21:25,4.2713705,2.055521833333333,3.7953529421296293,1.7763872266368017,2.4949832733631983
Friday,21:30,4.2003631666666665,2.055521833333333,3.7953529421296293,1.7763872266368017,2.423975940029865
Friday,21:35,4.329996333333333,2.055521833333333,3.7953529421296293,1.7763872266368017,2.5536091066965314
Friday,21:40,4.272493666666667,2.055521833333333,3.7953529421296293,1.7763872266368017,2.496106440029865
Friday,21:45,4.067814,2.055521833333333,3.7953529421296293,1.7763872266368017,2.2914267733631988
Friday,21:50,4.332507333333333,2.055521833333333,3.7953529421296293,1.7763872266368017,2.5561201066965316
Friday,21:55,4.2759275,2.055521833333333,3.7953529421296293,1.7763872266368017,2.4995402733631984
Friday,22:00,4.194488000000001,2.055521833333333,3.7953529421296293,1.7763872266368017,2.418100773363199
Friday,22:05,4.216619333333333,2.055521833333333,3.7953529421296293,1.7763872266368017,2.4402321066965316
Friday,22:10,4.151443333333334,2.055521833333333,3.7953529421296293,1.7763872266368017,2.3750561066965323
Friday,22:15,4.156058,2.055521833333333,3.7953529421296293,1.7763872266368017,2.3796707733631983
Friday,22:20,4.072192833333333,2.055521833333333,3.7953529421296293,1.7763872266368017,2.2958056066965318
Friday,22:25,3.8418943333333337,2.055521833333333,3.7953529421296293,1.7763872266368017,2.065507106696532
Friday,22:30,4.007219,2.055521833333333,3.7953529421296293,1.7763872266368017,2.2308317733631986
Friday,22:35,3.9580551666666666,2.055521833333333,3.7953529421296293,1.7763872266368017,2.1816679400298646
Friday,22:40,4.132619833333333,2.055521833333333,3.7953529421296293,1.7763872266368017,2.3562326066965316
Friday,22:45,4.033964,2.055521833333333,3.7953529421296293,1.7763872266368017,2.2575767733631986
Friday,22:50,3.7251968333333334,2.055521833333333,3.7953529421296293,1.7763872266368017,1.9488096066965317
Friday,22:55,3.7433254999999996,2.055521833333333,3.7953529421296293,1.7763872266368017,1.966938273363198
Friday,23:00,3.622730166666667,2.055521833333333,3.7953529421296293,1.7763872266368017,1.8463429400298652
Friday,23:05,3.609093833333333,2.055521833333333,3.7953529421296293,1.7763872266368017,1.8327066066965314
Friday,23:10,3.699075166666667,2.055521833333333,3.7953529421296293,1.7763872266368017,1.922687940029865
Friday,23:15,3.5715798333333333,2.055521833333333,3.7953529421296293,1.7763872266368017,1.7951926066965316
Friday,23:20,3.6271065,2.055521833333333,3.7953529421296293,1.7763872266368017,1.8507192733631983
Friday,23:25,3.629987,2.055521833333333,3.7953529421296293,1.7763872266368017,1.8535997733631981
Friday,23:30,3.677206833333333,2.055521833333333,3.7953529421296293,1.7763872266368017,1.9008196066965313
Friday,23:35,3.5972368333333335,2.055521833333333,3.7953529421296293,1.7763872266368017,1.8208496066965318
Friday,23:40,3.481334,2.055521833333333,3.7953529421296293,1.7763872266368017,1.7049467733631982
Friday,23:45,3.3643593333333333,2.055521833333333,3.7953529421296293,1.7763872266368017,1.5879721066965315
Friday,23:50,3.3022606666666667,2.055521833333333,3.7953529421296293,1.7763872266368017,1.525873440029865
Friday,23:55,3.3223636666666665,2.055521833333333,3.7953529421296293,1.7763872266368017,1.5459764400298648
Weekend/Holiday,00:00,2.9191177777777777,1.8255899999999998,3.7211199201388885,1.5490096562758828,1.3701081215018949
Weekend/Holiday,00:05,2.9649128888888887,1.8255899999999998,3.7211199201388885,1.5490096562758828,1.4159032326130059
Weekend/Holiday,00:10,2.9360473333333332,1.8255899999999998,3.7211199201388885,1.5490096562758828,1.3870376770574504
Weekend/Holiday,00:15,2.8028886666666666,1.8255899999999998,3.7211199201388885,1.5490096562758828,1.2538790103907838
Weekend/Holiday,00:20,2.7780051111111113,1.8255899999999998,3.7211199201388885,1.5490096562758828,1.2289954548352284
Weekend/Holiday,00:25,2.681378333333333,1.8255899999999998,3.7211199201388885,1.5490096562758828,1.1323686770574501
Weekend/Holiday,00:30,2.67443,1.8255899999999998,3.7211199201388885,1.5490096562758828,1.1254203437241173
Weekend/Holiday,00:35,2.505751888888889,1.8255899999999998,3.7211199201388885,1.5490096562758828,0.956742232613006
Weekend/Holiday,00:40,2.720164888888889,1.8255899999999998,3.7211199201388885,1.5490096562758828,1.1711552326130064
Weekend/Holiday,00:45,2.508050888888889,1.8255899999999998,3.7211199201388885,1.5490096562758828,0.9590412326130062
Weekend/Holiday,00:50,2.3717702222222226,1.8255899999999998,3.7211199201388885,1.5490096562758828,0.8227605659463397
Weekend/Holiday,00:55,2.6757424444444444,1.8255899999999998,3.7211199201388885,1.5490096562758828,1.1267327881685616
Weekend/Holiday,01:00,2.435755,1.8255899999999998,3.7211199201388885,1.5490096562758828,0.8867453437241171
Weekend/Holiday,01:05,2.291789666666667,1.8255899999999998,3.7211199201388885,1.5490096562758828,0.742780010390784
Weekend/Holiday,01:10,2.2260986666666667,1.8255899999999998,3.7211199201388885,1.5490096562758828,0.6770890103907838
Weekend/Holiday,01:15,2.166937888888889,1.8255899999999998,3.7211199201388885,1.5490096562758828,0.6179282326130062
Weekend/Holiday,01:20,2.3914044444444444,1.8255899999999998,3.7211199201388885,1.5490096562758828,0.8423947881685616
Weekend/Holiday,01:25,2.4204226666666666,1.8255899999999998,3.7211199201388885,1.5490096562758828,0.8714130103907838
Weekend/Holiday,01:30,2.2217115555555558,1.8255899999999998,3.7211199201388885,1.5490096562758828,0.6727018992796729
Weekend/Holiday,01:35,2.1900267777777778,1.8255899999999998,3.7211199201388885,1.5490096562758828,0.6410171215018949
Weekend/Holiday,01:40,2.2223602222222225,1.8255899999999998,3.7211199201388885,1.5490096562758828,0.6733505659463397
Weekend/Holiday,01:45,2.3782257777777778,1.8255899999999998,3.7211199201388885,1.5490096562758828,0.8292161215018949
Weekend/Holiday,01:50,2.0168476666666666,1.8255899999999998,3.7211199201388885,1.5490096562758828,0.46783801039078377
Weekend/Holiday,01:55,2.0118724444444442,1.8255899999999998,3.7211199201388885,1.5490096562758828,0.4628627881685614
Weekend/Holiday,02:00,2.3324909999999996,1.8255899999999998,3.7211199201388885,1.5490096562758828,0.7834813437241168
Weekend/Holiday,02:05,2.1594128888888893,1.8255899999999998,3.7211199201388885,1.5490096562758828,0.6104032326130064
Weekend/Holiday,02:10,2.232696,1.8255899999999998,3.7211199201388885,1.5490096562758828,0.683686343724117
Weekend/Holiday,02:15,2.106069111111111,1.8255899999999998,3.7211199201388885,1.5490096562758828,0.5570594548352283
Weekend/Holiday,02:20,2.0707579999999997,1.8255899999999998,3.7211199201388885,1.5490096562758828,0.5217483437241168
Weekend/Holiday,02:25,2.0675435555555555,1.8255899999999998,3.7211199201388885,1.5490096562758828,0.5185338992796726
Weekend/Holiday,02:30,2.099875222222222,1.8255899999999998,3.7211199201388885,1.5490096562758828,0.5508655659463391
Weekend/Holiday,02:35,2.1723471111111112,1.8255899999999998,3.7211199201388885,1.5490096562758828,0.6233374548352284
Weekend/Holiday,02:40,2.160687444444444,1.8255899999999998,3.7211199201388885,1.5490096562758828,0.6116777881685613
Weekend/Holiday,02:45,2.1151280000000003,1.8255899999999998,3.7211199201388885,1.5490096562758828,0.5661183437241175
Weekend/Holiday,02:50,2.0390665555555554,1.8255899999999998,3.7211199201388885,1.5490096562758828,0.49005689927967255
Weekend/Holiday,02:55,2.0420278888888888,1.8255899999999998,3.7211199201388885,1.5490096562758828,0.4930182326130059
Weekend/Holiday,03:00,1.8424282222222221,1.8255899999999998,3.7211199201388885,1.5490096562758828,0.2934185659463393
Weekend/Holiday,03:05,1.9973537777777777,1.8255899999999998,3.7211199201388885,1.5490096562758828,0.44834412150189484
Weekend/Holiday,03:10,2.026324777777778,1.8255899999999998,3.7211199201388885,1.5490096562758828,0.47731512150189515
Weekend/Holiday,03:15,2.025579666666667,1.8255899999999998,3.7211199201388885,1.5490096562758828,0.47657001039078395
Weekend/Holiday,03:20,2.0130224444444442,1.8255899999999998,3.7211199201388885,1.5490096562758828,0.4640127881685614
Weekend/Holiday,03:25,1.8919050000000002,1.8255899999999998,3.7211199201388885,1.5490096562758828,0.34289534372411734
Weekend/Holiday,03:30,1.9694368888888887,1.8255899999999998,3.7211199201388885,1.5490096562758828,0.42042723261300585
Weekend/Holiday,03:35,2.0778725555555555,1.8255899999999998,3.7211199201388885,1.5490096562758828,0.5288628992796727
Weekend/Holiday,03:40,1.9563317777777778,1.8255899999999998,3.7211199201388885,1.5490096562758828,0.40732212150189495
Weekend/Holiday,03:45,1.8622651111111113,1.8255899999999998,3.7211199201388885,1.5490096562758828,0.31325545483522843
Weekend/Holiday,03:50,2.020372,1.8255899999999998,3.7211199201388885,1.5490096562758828,0.4713623437241172
Weekend/Holiday,03:55,1.8255899999999998,1.8255899999999998,3.7211199201388885,1.5490096562758828,0.276580343724117
Weekend/Holiday,04:00,2.044928666666667,1.8255899999999998,3.7211199201388885,1.5490096562758828,0.495919010390784
Weekend/Holiday,04:05,2.1020998888888887,1.8255899999999998,3.7211199201388885,1.5490096562758828,0.5530902326130058
Weekend/Holiday,04:10,2.1627044444444445,1.8255899999999998,3.7211199201388885,1.5490096562758828,0.6136947881685617
Weekend/Holiday,04:15,2.0744294444444447,1.8255899999999998,3.7211199201388885,1.5490096562758828,0.5254197881685618
Weekend/Holiday,04:20,2.1081594444444445,1.8255899999999998,3.7211199201388885,1.5490096562758828,0.5591497881685616
Weekend/Holiday,04:25,2.0113236666666667,1.8255899999999998,3.7211199201388885,1.5490096562758828,0.4623140103907839
Weekend/Holiday,04:30,2.2426266666666668,1.8255899999999998,3.7211199201388885,1.5490096562758828,0.6936170103907839
Weekend/Holiday,04:35,2.1809497777777778,1.8255899999999998,3.7211199201388885,1.5490096562758828,0.6319401215018949
Weekend/Holiday,04:40,2.239049888888889,1.8255899999999998,3.7211199201388885,1.5490096562758828,0.690040232613006
Weekend/Holiday,04:45,2.2345013333333332,1.8255899999999998,3.7211199201388885,1.5490096562758828,0.6854916770574504
Weekend/Holiday,04:50,2.186799666666667,1.8255899999999998,3.7211199201388885,1.5490096562758828,0.6377900103907841
Weekend/Holiday,04:55,2.2541872222222223,1.8255899999999998,3.7211199201388885,1.5490096562758828,0.7051775659463395
Weekend/Holiday,05:00,1.9726747777777776,1.8255899999999998,3.7211199201388885,1.5490096562758828,0.4236651215018947
Weekend/Holiday,05:05,2.1740155555555556,1.8255899999999998,3.7211199201388885,1.5490096562758828,0.6250058992796728
Weekend/Holiday,05:10,2.2482052222222224,1.8255899999999998,3.7211199201388885,1.5490096562758828,0.6991955659463396
Weekend/Holiday,05:15,2.4400464444444445,1.8255899999999998,3.7211199201388885,1.5490096562758828,0.8910367881685617
Weekend/Holiday,05:20,2.4175156666666666,1.8255899999999998,3.7211199201388885,1.5490096562758828,0.8685060103907838
Weekend/Holiday,05:25,2.333541888888889,1.8255899999999998,3.7211199201388885,1.5490096562758828,0.7845322326130062
Weekend/Holiday,05:30,2.652578888888889,1.8255899999999998,3.7211199201388885,1.5490096562758828,1.103569232613006
Weekend/Holiday,05:35,2.459552777777778,1.8255899999999998,3.7211199201388885,1.5490096562758828,0.9105431215018953
Weekend/Holiday,05:40,2.327188555555556,1.8255899999999998,3.7211199201388885,1.5490096562758828,0.778178899279673
Weekend/Holiday,05:45,2.328352,1.8255899999999998,3.7211199201388885,1.5490096562758828,0.7793423437241174
Weekend/Holiday,05:50,2.4586213333333333,1.8255899999999998,3.7211199201388885,1.5490096562758828,0.9096116770574505
Weekend/Holiday,05:55,2.8426358888888887,1.8255899999999998,3.7211199201388885,1.5490096562758828,1.293626232613006
Weekend/Holiday,06:00,2.6505784444444442,1.8255899999999998,3.7211199201388885,1.5490096562758828,1.1015687881685614
Weekend/Holiday,06:05,2.865552,1.8255899999999998,3.7211199201388885,1.5490096562758828,1.3165423437241173
Weekend/Holiday,06:10,2.8003914444444447,1.8255899999999998,3.7211199201388885,1.5490096562758828,1.2513817881685618
Weekend/Holiday,06:15,2.756969111111111,1.8255899999999998,3.7211199201388885,1.5490096562758828,1.2079594548352284
Weekend/Holiday,06:20,2.7554655555555554,1.8255899999999998,3.7211199201388885,1.5490096562758828,1.2064558992796726
Weekend/Holiday,06:25,2.7879438888888886,1.8255899999999998,3.7211199201388885,1.5490096562758828,1.2389342326130057
Weekend/Holiday,06:30,2.918315777777778,1.8255899999999998,3.7211199201388885,1.5490096562758828,1.3693061215018951
Weekend/Holiday,06:35,3.234284111111111,1.8255899999999998,3.7211199201388885,1.5490096562758828,1.6852744548352283
Weekend/Holiday,06:40,3.2353916666666667,1.8255899999999998,3.7211199201388885,1.5490096562758828,1.6863820103907838
Weekend/Holiday,06:45,3.1365339999999997,1.8255899999999998,3.7211199201388885,1.5490096562758828,1.5875243437241169
Weekend/Holiday,06:50,3.305794111111111,1.8255899999999998,3.7211199201388885,1.5490096562758828,1.7567844548352283
Weekend/Holiday,06:55,3.343369555555556,1.8255899999999998,3.7211199201388885,1.5490096562758828,1.794359899279673
Weekend/Holiday,07:00,3.490713888888889,1.8255899999999998,3.7211199201388885,1.5490096562758828,1.9417042326130063
Weekend/Holiday,07:05,3.496036222222222,1.8255899999999998,3.7211199201388885,1.5490096562758828,1.9470265659463393
Weekend/Holiday,07:10,3.5191787777777774,1.8255899999999998,3.7211199201388885,1.5490096562758828,1.9701691215018946
Weekend/Holiday,07:15,3.737250888888889,1.8255899999999998,3.7211199201388885,1.5490096562758828,2.1882412326130063
Weekend/Holiday,07:20,3.811952111111111,1.8255899999999998,3.7211199201388885,1.5490096562758828,2.2629424548352284
Weekend/Holiday,07:25,3.8682197777777776,1.8255899999999998,3.7211199201388885,1.5490096562758828,2.3192101215018948
Weekend/Holiday,07:30,4.057218444444445,1.8255899999999998,3.7211199201388885,1.5490096562758828,2.5082087881685617
Weekend/Holiday,07:35,3.8973716666666665,1.8255899999999998,3.7211199201388885,1.5490096562758828,2.3483620103907836
Weekend/Holiday,07:40,4.103187999999999,1.8255899999999998,3.7211199201388885,1.5490096562758828,2.5541783437241166
Weekend/Holiday,07:45,4.020564111111111,1.8255899999999998,3.7211199201388885,1.5490096562758828,2.471554454835228
Weekend/Holiday,07:50,4.084209333333334,1.8255899999999998,3.7211199201388885,1.5490096562758828,2.535199677057451
Weekend/Holiday,07:55,4.1992724444444445,1.8255899999999998,3.7211199201388885,1.5490096562758828,2.6502627881685616
Weekend/Holiday,08:00,4.226855444444444,1.8255899999999998,3.7211199201388885,1.5490096562758828,2.6778457881685616
Weekend/Holiday,08:05,4.327580111111112,1.8255899999999998,3.7211199201388885,1.5490096562758828,2.778570454835229
Weekend/Holiday,08:10,4.391952555555556,1.8255899999999998,3.7211199201388885,1.5490096562758828,2.8429428992796733
Weekend/Holiday,08:15,4.397396444444444,1.8255899999999998,3.7211199201388885,1.5490096562758828,2.8483867881685616
Weekend/Holiday,08:20,4.433931666666667,1.8255899999999998,3.7211199201388885,1.5490096562758828,2.884922010390784
Weekend/Holiday,08:25,4.457562444444445,1.8255899999999998,3.7211199201388885,1.5490096562758828,2.908552788168562
Weekend/Holiday,08:30,4.543558111111111,1.8255899999999998,3.7211199201388885,1.5490096562758828,2.9945484548352286
Weekend/Holiday,08:35,4.690655555555555,1.8255899999999998,3.7211199201388885,1.5490096562758828,3.141645899279672
Weekend/Holiday,08:40,4.845178777777778,1.8255899999999998,3.7211199201388885,1.5490096562758828,3.296169121501895
Weekend/Holiday,08:45,4.865342777777777,1.8255899999999998,3.7211199201388885,1.5490096562758828,3.3163331215018945
Weekend/Holiday,08:50,4.782974444444445,1.8255899999999998,3.7211199201388885,1.5490096562758828,3.2339647881685623
Weekend/Holiday,08:55,4.801683222222222,1.8255899999999998,3.7211199201388885,1.5490096562758828,3.252673565946339
Weekend/Holiday,09:00,4.770387222222222,1.8255899999999998,3.7211199201388885,1.5490096562758828,3.2213775659463395
Weekend/Holiday,09:05,4.775324888888889,1.8255899999999998,3.7211199201388885,1.5490096562758828,3.2263152326130062
Weekend/Holiday,09:10,4.822942,1.8255899999999998,3.7211199201388885,1.5490096562758828,3.2739323437241175
Weekend/Holiday,09:15,4.839623,1.8255899999999998,3.7211199201388885,1.5490096562758828,3.2906133437241167
Weekend/Holiday,09:20,4.8236783333333335,1.8255899999999998,3.7211199201388885,1.5490096562758828,3.2746686770574507
Weekend/Holiday,09:25,4.798094111111111,1.8255899999999998,3.7211199201388885,1.5490096562758828,3.2490844548352285
Weekend/Holiday,09:30,4.816718,1.8255899999999998,3.7211199201388885,1.5490096562758828,3.267708343724117
Weekend/Holiday,09:35,5.006153,1.8255899999999998,3.7211199201388885,1.5490096562758828,3.4571433437241175
Weekend/Holiday,09:40,4.986141111111111,1.8255899999999998,3.7211199201388885,1.5490096562758828,3.4371314548352285
Weekend/Holiday,09:45,5.0892244444444446,1.8255899999999998,3.7211199201388885,1.5490096562758828,3.5402147881685617
Weekend/Holiday,09:50,5.067016555555556,1.8255899999999998,3.7211199201388885,1.5490096562758828,3.518006899279673
Weekend/Holiday,09:55,5.014489666666666,1.8255899999999998,3.7211199201388885,1.5490096562758828,3.4654800103907832
Weekend/Holiday,10:00,5.044003777777778,1.8255899999999998,3.7211199201388885,1.5490096562758828,3.4949941215018954
Weekend/Holiday,10:05,4.966621888888889,1.8255899999999998,3.7211199201388885,1.5490096562758828,3.417612232613006
Weekend/Holiday,10:10,5.078500888888889,1.8255899999999998,3.7211199201388885,1.5490096562758828,3.529491232613006
Weekend/Holiday,10:15,4.9538065555555555,1.8255899999999998,3.7211199201388885,1.5490096562758828,3.4047968992796727
Weekend/Holiday,10:20,4.895991888888889,1.8255899999999998,3.7211199201388885,1.5490096562758828,3.3469822326130063
Weekend/Holiday,10:25,4.869967555555555,1.8255899999999998,3.7211199201388885,1.5490096562758828,3.3209578992796724
Weekend/Holiday,10:30,4.856743444444444,1.8255899999999998,3.7211199201388885,1.5490096562758828,3.307733788168561
Weekend/Holiday,10:35,4.799280888888889,1.8255899999999998,3.7211199201388885,1.5490096562758828,3.2502712326130063
Weekend/Holiday,10:40,4.851277666666666,1.8255899999999998,3.7211199201388885,1.5490096562758828,3.3022680103907835
Weekend/Holiday,10:45,4.836297555555556,1.8255899999999998,3.7211199201388885,1.5490096562758828,3.2872878992796735
Weekend/Holiday,10:50,4.7467062222222225,1.8255899999999998,3.7211199201388885,1.5490096562758828,3.1976965659463397
Weekend/Holiday,10:55,4.732102111111112,1.8255899999999998,3.7211199201388885,1.5490096562758828,3.183092454835229
Weekend/Holiday,11:00,4.779894555555555,1.8255899999999998,3.7211199201388885,1.5490096562758828,3.230884899279672
Weekend/Holiday,11:05,4.759809000000001,1.8255899999999998,3.7211199201388885,1.5490096562758828,3.210799343724118
Weekend/Holiday,11:10,4.844451555555556,1.8255899999999998,3.7211199201388885,1.5490096562758828,3.295441899279673
Weekend/Holiday,11:15,5.040318888888889,1.8255899999999998,3.7211199201388885,1.5490096562758828,3.491309232613006
Weekend/Holiday,11:20,5.025848555555555,1.8255899999999998,3.7211199201388885,1.5490096562758828,3.4768388992796724
Weekend/Holiday,11:25,4.821936666666667,1.8255899999999998,3.7211199201388885,1.5490096562758828,3.272927010390784
Weekend/Holiday,11:30,4.793703555555556,1.8255899999999998,3.7211199201388885,1.5490096562758828,3.244693899279673
Weekend/Holiday,11:35,4.667260111111111,1.8255899999999998,3.7211199201388885,1.5490096562758828,3.1182504548352283
Weekend/Holiday,11:40,4.667193777777778,1.8255899999999998,3.7211199201388885,1.5490096562758828,3.1181841215018955
Weekend/Holiday,11:45,4.7110594444444445,1.8255899999999998,3.7211199201388885,1.5490096562758828,3.1620497881685616
Weekend/Holiday,11:50,4.6338975555555555,1.8255899999999998,3.7211199201388885,1.5490096562758828,3.0848878992796727
Weekend/Holiday,11:55,4.590275444444444,1.8255899999999998,3.7211199201388885,1.5490096562758828,3.041265788168561
Weekend/Holiday,12:00,4.551854777777778,1.8255899999999998,3.7211199201388885,1.5490096562758828,3.002845121501895
Weekend/Holiday,12:05,4.522686666666667,1.8255899999999998,3.7211199201388885,1.5490096562758828,2.973677010390784
Weekend/Holiday,12:10,4.561380555555555,1.8255899999999998,3.7211199201388885,1.5490096562758828,3.0123708992796723
Weekend/Holiday,12:15,4.495495444444444,1.8255899999999998,3.7211199201388885,1.5490096562758828,2.946485788168561
Weekend/Holiday,12:20,4.548353222222222,1.8255899999999998,3.7211199201388885,1.5490096562758828,2.9993435659463388
Weekend/Holiday,12:25,4.513074666666666,1.8255899999999998,3.7211199201388885,1.5490096562758828,2.9640650103907835
Weekend/Holiday,12:30,4.495362777777777,1.8255899999999998,3.7211199201388885,1.5490096562758828,2.9463531215018945
Weekend/Holiday,12:35,4.376190222222222,1.8255899999999998,3.7211199201388885,1.5490096562758828,2.8271805659463394
Weekend/Holiday,12:40,4.446898000000001,1.8255899999999998,3.7211199201388885,1.5490096562758828,2.897888343724118
Weekend/Holiday,12:45,4.461139222222222,1.8255899999999998,3.7211199201388885,1.5490096562758828,2.9121295659463393
Weekend/Holiday,12:50,4.374995111111112,1.8255899999999998,3.7211199201388885,1.5490096562758828,2.825985454835229
Weekend/Holiday,12:55,4.2953895555555555,1.8255899999999998,3.7211199201388885,1.5490096562758828,2.7463798992796726
Weekend/Holiday,13:00,4.399795444444445,1.8255899999999998,3.7211199201388885,1.5490096562758828,2.850785788168562
Weekend/Holiday,13:05,4.337609111111111,1.8255899999999998,3.7211199201388885,1.5490096562758828,2.788599454835228
Weekend/Holiday,13:10,4.412155666666667,1.8255899999999998,3.7211199201388885,1.5490096562758828,2.863146010390784
Weekend/Holiday,13:15,4.462661777777778,1.8255899999999998,3.7211199201388885,1.5490096562758828,2.913652121501895
Weekend/Holiday,13:20,4.356633333333333,1.8255899999999998,3.7211199201388885,1.5490096562758828,2.80762367705745
Weekend/Holiday,13:25,4.318230222222223,1.8255899999999998,3.7211199201388885,1.5490096562758828,2.76922056594634
Weekend/Holiday,13:30,4.333481777777777,1.8255899999999998,3.7211199201388885,1.5490096562758828,2.7844721215018944
Weekend/Holiday,13:35,4.305764111111111,1.8255899999999998,3.7211199201388885,1.5490096562758828,2.7567544548352285
Weekend/Holiday,13:40,4.308836555555555,1.8255899999999998,3.7211199201388885,1.5490096562758828,2.759826899279672
Weekend/Holiday,13:45,4.261003111111112,1.8255899999999998,3.7211199201388885,1.5490096562758828,2.711993454835229
Weekend/Holiday,13:50,4.259517888888889,1.8255899999999998,3.7211199201388885,1.5490096562758828,2.7105082326130066
Weekend/Holiday,13:55,4.1878342222222225,1.8255899999999998,3.7211199201388885,1.5490096562758828,2.6388245659463396
Weekend/Holiday,14:00,4.081572,1.8255899999999998,3.7211199201388885,1.5490096562758828,2.5325623437241176
Weekend/Holiday,14:05,4.15832,1.8255899999999998,3.7211199201388885,1.5490096562758828,2.609310343724117
Weekend/Holiday,14:10,4.088727444444444,1.8255899999999998,3.7211199201388885,1.5490096562758828,2.5397177881685615
Weekend/Holiday,14:15,4.030308000000001,1.8255899999999998,3.7211199201388885,1.5490096562758828,2.481298343724118
Weekend/Holiday,14:20,4.090650333333333,1.8255899999999998,3.7211199201388885,1.5490096562758828,2.54164067705745
Weekend/Holiday,14:25,4.138906555555556,1.8255899999999998,3.7211199201388885,1.5490096562758828,2.589896899279673
Weekend/Holiday,14:30,4.1170205555555555,1.8255899999999998,3.7211199201388885,1.5490096562758828,2.5680108992796726
Weekend/Holiday,14:35,4.107678222222223,1.8255899999999998,3.7211199201388885,1.5490096562758828,2.55866856594634
Weekend/Holiday,14:40,4.119469,1.8255899999999998,3.7211199201388885,1.5490096562758828,2.5704593437241168
Weekend/Holiday,14:45,4.157960666666666,1.8255899999999998,3.7211199201388885,1.5490096562758828,2.608951010390783
Weekend/Holiday,14:50,4.114067,1.8255899999999998,3.7211199201388885,1.5490096562758828,2.5650573437241175
Weekend/Holiday,14:55,4.161993888888889,1.8255899999999998,3.7211199201388885,1.5490096562758828,2.6129842326130066
Weekend/Holiday,15:00,4.013821888888889,1.8255899999999998,3.7211199201388885,1.5490096562758828,2.464812232613006
Weekend/Holiday,15:05,3.9352795555555553,1.8255899999999998,3.7211199201388885,1.5490096562758828,2.3862698992796725
Weekend/Holiday,15:10,3.9316416666666663,1.8255899999999998,3.7211199201388885,1.5490096562758828,2.3826320103907834
Weekend/Holiday,15:15,4.033114666666666,1.8255899999999998,3.7211199201388885,1.5490096562758828,2.4841050103907834
Weekend/Holiday,15:20,3.9985725555555556,1.8255899999999998,3.7211199201388885,1.5490096562758828,2.4495628992796727
Weekend/Holiday,15:25,4.088580555555556,1.8255899999999998,3.7211199201388885,1.5490096562758828,2.539570899279673
Weekend/Holiday,15:30,4.083668555555556,1.8255899999999998,3.7211199201388885,1.5490096562758828,2.534658899279673
Weekend/Holiday,15:35,4.119939888888889,1.8255899999999998,3.7211199201388885,1.5490096562758828,2.5709302326130063
Weekend/Holiday,15:40,4.009797222222222,1.8255899999999998,3.7211199201388885,1.5490096562758828,2.460787565946339
Weekend/Holiday,15:45,4.059332777777778,1.8255899999999998,3.7211199201388885,1.5490096562758828,2.510323121501895
Weekend/Holiday,15:50,4.058586777777778,1.8255899999999998,3.7211199201388885,1.5490096562758828,2.5095771215018954
Weekend/Holiday,15:55,4.058469777777778,1.8255899999999998,3.7211199201388885,1.5490096562758828,2.509460121501895
Weekend/Holiday,16:00,3.9857688888888894,1.8255899999999998,3.7211199201388885,1.5490096562758828,2.4367592326130065
Weekend/Holiday,16:05,4.056666222222223,1.8255899999999998,3.7211199201388885,1.5490096562758828,2.50765656594634
Weekend/Holiday,16:10,4.100098333333333,1.8255899999999998,3.7211199201388885,1.5490096562758828,2.5510886770574506
Weekend/Holiday,16:15,4.025877777777778,1.8255899999999998,3.7211199201388885,1.5490096562758828,2.476868121501895
Weekend/Holiday,16:20,4.080132111111111,1.8255899999999998,3.7211199201388885,1.5490096562758828,2.5311224548352285
Weekend/Holiday,16:25,4.186081111111111,1.8255899999999998,3.7211199201388885,1.5490096562758828,2.6370714548352283
Weekend/Holiday,16:30,4.1366320000000005,1.8255899999999998,3.7211199201388885,1.5490096562758828,2.5876223437241177
Weekend/Holiday,16:35,4.112590111111111,1.8255899999999998,3.7211199201388885,1.5490096562758828,2.5635804548352286
Weekend/Holiday,16:40,4.052494222222222,1.8255899999999998,3.7211199201388885,1.5490096562758828,2.5034845659463394
Weekend/Holiday,16:45,4.147144666666667,1.8255899999999998,3.7211199201388885,1.5490096562758828,2.598135010390784
Weekend/Holiday,16:50,4.162712222222222,1.8255899999999998,3.7211199201388885,1.5490096562758828,2.613702565946339
Weekend/Holiday,16:55,4.2005333333333335,1.8255899999999998,3.7211199201388885,1.5490096562758828,2.6515236770574506
Weekend/Holiday,17:00,4.210055666666666,1.8255899999999998,3.7211199201388885,1.5490096562758828,2.6610460103907836
Weekend/Holiday,17:05,4.214448666666666,1.8255899999999998,3.7211199201388885,1.5490096562758828,2.665439010390783
Weekend/Holiday,17:10,4.245200111111111,1.8255899999999998,3.7211199201388885,1.5490096562758828,2.6961904548352282
Weekend/Holiday,17:15,4.036964333333334,1.8255899999999998,3.7211199201388885,1.5490096562758828,2.4879546770574508
Weekend/Holiday,17:20,4.196871333333333,1.8255899999999998,3.7211199201388885,1.5490096562758828,2.6478616770574503
Weekend/Holiday,17:25,4.139346333333333,1.8255899999999998,3.7211199201388885,1.5490096562758828,2.5903366770574503
Weekend/Holiday,17:30,4.214044111111111,1.8255899999999998,3.7211199201388885,1.5490096562758828,2.665034454835228
Weekend/Holiday,17:35,4.274549222222222,1.8255899999999998,3.7211199201388885,1.5490096562758828,2.7255395659463395
Weekend/Holiday,17:40,4.487691111111111,1.8255899999999998,3.7211199201388885,1.5490096562758828,2.9386814548352285
Weekend/Holiday,17:45,4.442227444444445,1.8255899999999998,3.7211199201388885,1.5490096562758828,2.893217788168562
Weekend/Holiday,17:50,4.430571555555556,1.8255899999999998,3.7211199201388885,1.5490096562758828,2.881561899279673
Weekend/Holiday,17:55,4.465429444444444,1.8255899999999998,3.7211199201388885,1.5490096562758828,2.9164197881685614
Weekend/Holiday,18:00,4.395782222222222,1.8255899999999998,3.7211199201388885,1.5490096562758828,2.8467725659463388
Weekend/Holiday,18:05,4.4179656666666665,1.8255899999999998,3.7211199201388885,1.5490096562758828,2.8689560103907836
Weekend/Holiday,18:10,4.554200444444444,1.8255899999999998,3.7211199201388885,1.5490096562758828,3.005190788168561
Weekend/Holiday,18:15,4.589564222222222,1.8255899999999998,3.7211199201388885,1.5490096562758828,3.0405545659463393
Weekend/Holiday,18:20,4.590790444444445,1.8255899999999998,3.7211199201388885,1.5490096562758828,3.041780788168562
Weekend/Holiday,18:25,4.489002111111111,1.8255899999999998,3.7211199201388885,1.5490096562758828,2.939992454835228
Weekend/Holiday,18:30,4.572199333333334,1.8255899999999998,3.7211199201388885,1.5490096562758828,3.023189677057451
Weekend/Holiday,18:35,4.528843,1.8255899999999998,3.7211199201388885,1.5490096562758828,2.9798333437241173
Weekend/Holiday,18:40,4.553048666666666,1.8255899999999998,3.7211199201388885,1.5490096562758828,3.0040390103907835
Weekend/Holiday,18:45,4.638331444444444,1.8255899999999998,3.7211199201388885,1.5490096562758828,3.089321788168561
Weekend/Holiday,18:50,4.689157111111111,1.8255899999999998,3.7211199201388885,1.5490096562758828,3.1401474548352284
Weekend/Holiday,18:55,4.670435111111111,1.8255899999999998,3.7211199201388885,1.5490096562758828,3.121425454835228
Weekend/Holiday,19:00,4.608467222222222,1.8255899999999998,3.7211199201388885,1.5490096562758828,3.059457565946339
Weekend/Holiday,19:05,4.50084411111111,1.8255899999999998,3.7211199201388885,1.5490096562758828,2.9518344548352276
Weekend/Holiday,19:10,4.571393888888888,1.8255899999999998,3.7211199201388885,1.5490096562758828,3.0223842326130055
Weekend/Holiday,19:15,4.6140131111111105,1.8255899999999998,3.7211199201388885,1.5490096562758828,3.0650034548352276
Weekend/Holiday,19:20,4.4909360000000005,1.8255899999999998,3.7211199201388885,1.5490096562758828,2.9419263437241177
Weekend/Holiday,19:25,4.5158801111111115,1.8255899999999998,3.7211199201388885,1.5490096562758828,2.9668704548352287
Weekend/Holiday,19:30,4.6209999999999996,1.8255899999999998,3.7211199201388885,1.5490096562758828,3.0719903437241167
Weekend/Holiday,19:35,4.633070444444445,1.8255899999999998,3.7211199201388885,1.5490096562758828,3.084060788168562
Weekend/Holiday,19:40,4.555189333333334,1.8255899999999998,3.7211199201388885,1.5490096562758828,3.006179677057451
Weekend/Holiday,19:45,4.511575777777778,1.8255899999999998,3.7211199201388885,1.5490096562758828,2.962566121501895
Weekend/Holiday,19:50,4.460026777777777,1.8255899999999998,3.7211199201388885,1.5490096562758828,2.9110171215018945
Weekend/Holiday,19:55,4.386862111111111,1.8255899999999998,3.7211199201388885,1.5490096562758828,2.8378524548352284
Weekend/Holiday,20:00,4.465968888888889,1.8255899999999998,3.7211199201388885,1.5490096562758828,2.916959232613006
Weekend/Holiday,20:05,4.484916999999999,1.8255899999999998,3.7211199201388885,1.5490096562758828,2.9359073437241165
Weekend/Holiday,20:10,4.414757888888889,1.8255899999999998,3.7211199201388885,1.5490096562758828,2.8657482326130066
Weekend/Holiday,20:15,4.4397079999999995,1.8255899999999998,3.7211199201388885,1.5490096562758828,2.8906983437241167
Weekend/Holiday,20:20,4.460431333333333,1.8255899999999998,3.7211199201388885,1.5490096562758828,2.9114216770574504
Weekend/Holiday,20:25,4.486430888888888,1.8255899999999998,3.7211199201388885,1.5490096562758828,2.9374212326130054
Weekend/Holiday,20:30,4.422869555555556,1.8255899999999998,3.7211199201388885,1.5490096562758828,2.873859899279673
Weekend/Holiday,20:35,4.432198111111111,1.8255899999999998,3.7211199201388885,1.5490096562758828,2.8831884548352282
Weekend/Holiday,20:40,4.325893333333333,1.8255899999999998,3.7211199201388885,1.5490096562758828,2.7768836770574503
Weekend/Holiday,20:45,4.303118222222222,1.8255899999999998,3.7211199201388885,1.5490096562758828,2.7541085659463396
Weekend/Holiday,20:50,4.397166,1.8255899999999998,3.7211199201388885,1.5490096562758828,2.8481563437241175
Weekend/Holiday,20:55,4.235981888888889,1.8255899999999998,3.7211199201388885,1.5490096562758828,2.6869722326130066
Weekend/Holiday,21:00,4.169703444444444,1.8255899999999998,3.7211199201388885,1.5490096562758828,2.6206937881685612
Weekend/Holiday,21:05,4.174240222222222,1.8255899999999998,3.7211199201388885,1.5490096562758828,2.6252305659463393
Weekend/Holiday,21:10,4.1653342222222225,1.8255899999999998,3.7211199201388885,1.5490096562758828,2.6163245659463397
Weekend/Holiday,21:15,4.187610111111111,1.8255899999999998,3.7211199201388885,1.5490096562758828,2.638600454835228
Weekend/Holiday,21:20,4.180657444444445,1.8255899999999998,3.7211199201388885,1.5490096562758828,2.631647788168562
Weekend/Holiday,21:25,4.128899555555556,1.8255899999999998,3.7211199201388885,1.5490096562758828,2.579889899279673
Weekend/Holiday,21:30,4.1143775555555555,1.8255899999999998,3.7211199201388885,1.5490096562758828,2.5653678992796727
Weekend/Holiday,21:35,4.131888666666667,1.8255899999999998,3.7211199201388885,1.5490096562758828,2.582879010390784
Weekend/Holiday,21:40,4.0076833333333335,1.8255899999999998,3.7211199201388885,1.5490096562758828,2.4586736770574507
Weekend/Holiday,21:45,3.8943763333333328,1.8255899999999998,3.7211199201388885,1.5490096562758828,2.34536667705745
Weekend/Holiday,21:50,3.9635571111111108,1.8255899999999998,3.7211199201388885,1.5490096562758828,2.414547454835228
Weekend/Holiday,21:55,3.9146544444444444,1.8255899999999998,3.7211199201388885,1.5490096562758828,2.3656447881685616
Weekend/Holiday,22:00,3.8872722222222222,1.8255899999999998,3.7211199201388885,1.5490096562758828,2.3382625659463394
Weekend/Holiday,22:05,3.784392777777778,1.8255899999999998,3.7211199201388885,1.5490096562758828,2.2353831215018953
Weekend/Holiday,22:10,3.8168046666666666,1.8255899999999998,3.7211199201388885,1.5490096562758828,2.267795010390784
Weekend/Holiday,22:15,3.8625457777777776,1.8255899999999998,3.7211199201388885,1.5490096562758828,2.313536121501895
Weekend/Holiday,22:20,3.8100337777777775,1.8255899999999998,3.7211199201388885,1.5490096562758828,2.2610241215018947
Weekend/Holiday,22:25,3.817405888888889,1.8255899999999998,3.7211199201388885,1.5490096562758828,2.2683962326130063
Weekend/Holiday,22:30,3.840827333333333,1.8255899999999998,3.7211199201388885,1.5490096562758828,2.29181767705745
Weekend/Holiday,22:35,3.6381128888888887,1.8255899999999998,3.7211199201388885,1.5490096562758828,2.089103232613006
Weekend/Holiday,22:40,3.639455,1.8255899999999998,3.7211199201388885,1.5490096562758828,2.090445343724117
Weekend/Holiday,22:45,3.6663064444444444,1.8255899999999998,3.7211199201388885,1.5490096562758828,2.1172967881685616
Weekend/Holiday,22:50,3.5780938888888887,1.8255899999999998,3.7211199201388885,1.5490096562758828,2.029084232613006
Weekend/Holiday,22:55,3.5164492222222226,1.8255899999999998,3.7211199201388885,1.5490096562758828,1.9674395659463397
Weekend/Holiday,23:00,3.3813784444444446,1.8255899999999998,3.7211199201388885,1.5490096562758828,1.8323687881685617
Weekend/Holiday,23:05,3.3181816666666664,1.8255899999999998,3.7211199201388885,1.5490096562758828,1.7691720103907835
Weekend/Holiday,23:10,3.235625111111111,1.8255899999999998,3.7211199201388885,1.5490096562758828,1.6866154548352283
Weekend/Holiday,23:15,3.2718879999999997,1.8255899999999998,3.7211199201388885,1.5490096562758828,1.7228783437241169
Weekend/Holiday,23:20,3.2305512222222226,1.8255899999999998,3.7211199201388885,1.5490096562758828,1.6815415659463397
Weekend/Holiday,23:25,3.0447337777777777,1.8255899999999998,3.7211199201388885,1.5490096562758828,1.4957241215018948
Weekend/Holiday,23:30,2.9433823333333335,1.8255899999999998,3.7211199201388885,1.5490096562758828,1.3943726770574507
Weekend/Holiday,23:35,3.148349111111111,1.8255899999999998,3.7211199201388885,1.5490096562758828,1.5993394548352282
Weekend/Holiday,23:40,2.962031,1.8255899999999998,3.7211199201388885,1.5490096562758828,1.4130213437241173
Weekend/Holiday,23:45,2.813577111111111,1.8255899999999998,3.7211199201388885,1.5490096562758828,1.2645674548352281
Weekend/Holiday,23:50,2.8823525555555554,1.8255899999999998,3.7211199201388885,1.5490096562758828,1.3333428992796725
Weekend/Holiday,23:55,2.851665111111111,1.8255899999999998,3.7211199201388885,1.5490096562758828,1.3026554548352283
Workday,00:00,2.8733077333333332,1.8391170666666667,3.499523525,1.5911809473821557,1.2821267859511776
Workday,00:05,2.7542014666666663,1.8391170666666667,3.499523525,1.5911809473821557,1.1630205192845107
Workday,00:10,2.656863866666667,1.8391170666666667,3.499523525,1.5911809473821557,1.0656829192845112
Workday,00:15,2.685663866666667,1.8391170666666667,3.499523525,1.5911809473821557,1.0944829192845111
Workday,00:20,2.619662866666667,1.8391170666666667,3.499523525,1.5911809473821557,1.0284819192845112
Workday,00:25,2.6650696000000003,1.8391170666666667,3.499523525,1.5911809473821557,1.0738886526178446
Workday,00:30,2.6427124,1.8391170666666667,3.499523525,1.5911809473821557,1.0515314526178445
Workday,00:35,2.681342,1.8391170666666667,3.499523525,1.5911809473821557,1.0901610526178442
Workday,00:40,2.445878,1.8391170666666667,3.499523525,1.5911809473821557,0.8546970526178443
Workday,00:45,2.5198469333333335,1.8391170666666667,3.499523525,1.5911809473821557,0.9286659859511779
Workday,00:50,2.483978466666667,1.8391170666666667,3.499523525,1.5911809473821557,0.8927975192845115
Workday,00:55,2.2600621333333333,1.8391170666666667,3.499523525,1.5911809473821557,0.6688811859511776
Workday,01:00,2.3755816,1.8391170666666667,3.499523525,1.5911809473821557,0.7844006526178442
Workday,01:05,2.319982066666667,1.8391170666666667,3.499523525,1.5911809473821557,0.7288011192845112
Workday,01:10,2.2169863333333333,1.8391170666666667,3.499523525,1.5911809473821557,0.6258053859511776
Workday,01:15,2.2440518666666667,1.8391170666666667,3.499523525,1.5911809473821557,0.652870919284511
Workday,01:20,2.3029652,1.8391170666666667,3.499523525,1.5911809473821557,0.7117842526178444
Workday,01:25,2.326878333333333,1.8391170666666667,3.499523525,1.5911809473821557,0.7356973859511775
Workday,01:30,2.2382429333333334,1.8391170666666667,3.499523525,1.5911809473821557,0.6470619859511777
Workday,01:35,2.1598076,1.8391170666666667,3.499523525,1.5911809473821557,0.5686266526178445
Workday,01:40,2.3146535333333333,1.8391170666666667,3.499523525,1.5911809473821557,0.7234725859511777
Workday,01:45,2.1878811333333332,1.8391170666666667,3.499523525,1.5911809473821557,0.5967001859511776
Workday,01:50,2.149228133333333,1.8391170666666667,3.499523525,1.5911809473821557,0.5580471859511775
Workday,01:55,2.1580429999999997,1.8391170666666667,3.499523525,1.5911809473821557,0.5668620526178441
Workday,02:00,1.9914750666666667,1.8391170666666667,3.499523525,1.5911809473821557,0.4002941192845111
Workday,02:05,1.9697980666666666,1.8391170666666667,3.499523525,1.5911809473821557,0.3786171192845109
Workday,02:10,2.0097574,1.8391170666666667,3.499523525,1.5911809473821557,0.41857645261784415
Workday,02:15,1.9170292666666666,1.8391170666666667,3.499523525,1.5911809473821557,0.32584831928451097
Workday,02:20,1.9366682,1.8391170666666667,3.499523525,1.5911809473821557,0.3454872526178443
Workday,02:25,2.0175620666666667,1.8391170666666667,3.499523525,1.5911809473821557,0.42638111928451106
Workday,02:30,2.002253666666667,1.8391170666666667,3.499523525,1.5911809473821557,0.41107271928451117
Workday,02:35,1.9966824,1.8391170666666667,3.499523525,1.5911809473821557,0.4055014526178444
Workday,02:40,1.8391170666666667,1.8391170666666667,3.499523525,1.5911809473821557,0.2479361192845111
Workday,02:45,1.8596011333333335,1.8391170666666667,3.499523525,1.5911809473821557,0.2684201859511779
Workday,02:50,1.8652720666666667,1.8391170666666667,3.499523525,1.5911809473821557,0.274091119284511
Workday,02:55,1.8660445333333333,1.8391170666666667,3.499523525,1.5911809473821557,0.27486358595117766
Workday,03:00,1.9026611333333332,1.8391170666666667,3.499523525,1.5911809473821557,0.31148018595117755
Workday,03:05,2.027103,1.8391170666666667,3.499523525,1.5911809473821557,0.4359220526178442
Workday,03:10,2.084254066666667,1.8391170666666667,3.499523525,1.5911809473821557,0.49307311928451125
Workday,03:15,2.1098704,1.8391170666666667,3.499523525,1.5911809473821557,0.5186894526178445
Workday,03:20,2.1178291333333332,1.8391170666666667,3.499523525,1.5911809473821557,0.5266481859511776
Workday,03:25,2.208707533333333,1.8391170666666667,3.499523525,1.5911809473821557,0.6175265859511774
Workday,03:30,2.0385041999999998,1.8391170666666667,3.499523525,1.5911809473821557,0.4473232526178441
Workday,03:35,1.9504435333333334,1.8391170666666667,3.499523525,1.5911809473821557,0.35926258595117777
Workday,03:40,2.0528646,1.8391170666666667,3.499523525,1.5911809473821557,0.4616836526178443
Workday,03:45,2.0503909333333334,1.8391170666666667,3.499523525,1.5911809473821557,0.4592099859511778
Workday,03:50,1.9723082,1.8391170666666667,3.499523525,1.5911809473821557,0.3811272526178444
Workday,03:55,2.1160769999999998,1.8391170666666667,3.499523525,1.5911809473821557,0.5248960526178441
Workday,04:00,2.0021392666666666,1.8391170666666667,3.499523525,1.5911809473821557,0.410958319284511
Workday,04:05,2.1607578666666667,1.8391170666666667,3.499523525,1.5911809473821557,0.569576919284511
Workday,04:10,2.1688430666666667,1.8391170666666667,3.499523525,1.5911809473821557,0.577662119284511
Workday,04:15,2.349607,1.8391170666666667,3.499523525,1.5911809473821557,0.7584260526178441
Workday,04:20,2.318524666666667,1.8391170666666667,3.499523525,1.5911809473821557,0.7273437192845111
Workday,04:25,2.384570533333333,1.8391170666666667,3.499523525,1.5911809473821557,0.7933895859511775
Workday,04:30,2.1371362666666665,1.8391170666666667,3.499523525,1.5911809473821557,0.5459553192845108
Workday,04:35,2.2717862,1.8391170666666667,3.499523525,1.5911809473821557,0.6806052526178445
Workday,04:40,2.2877154,1.8391170666666667,3.499523525,1.5911809473821557,0.6965344526178445
Workday,04:45,2.298324,1.8391170666666667,3.499523525,1.5911809473821557,0.7071430526178444
Workday,04:50,2.3545317333333333,1.8391170666666667,3.499523525,1.5911809473821557,0.7633507859511777
Workday,04:55,2.181075933333333,1.8391170666666667,3.499523525,1.5911809473821557,0.5898949859511775
Workday,05:00,2.341074,1.8391170666666667,3.499523525,1.5911809473821557,0.7498930526178442
Workday,05:05,2.4194374,1.8391170666666667,3.499523525,1.5911809473821557,0.8282564526178444
Workday,05:10,2.4740883333333334,1.8391170666666667,3.499523525,1.5911809473821557,0.8829073859511778
Workday,05:15,2.5838899333333334,1.8391170666666667,3.499523525,1.5911809473821557,0.9927089859511777
Workday,05:20,2.4985802,1.8391170666666667,3.499523525,1.5911809473821557,0.9073992526178445
Workday,05:25,2.527475533333333,1.8391170666666667,3.499523525,1.5911809473821557,0.9362945859511773
Workday,05:30,2.5384000666666666,1.8391170666666667,3.499523525,1.5911809473821557,0.947219119284511
Workday,05:35,2.563190333333333,1.8391170666666667,3.499523525,1.5911809473821557,0.9720093859511774
Workday,05:40,2.5677782,1.8391170666666667,3.499523525,1.5911809473821557,0.9765972526178441
Workday,05:45,2.763352666666667,1.8391170666666667,3.499523525,1.5911809473821557,1.1721717192845114
Workday,05:50,2.8207823333333333,1.8391170666666667,3.499523525,1.5911809473821557,1.2296013859511776
Workday,05:55,2.8531188666666667,1.8391170666666667,3.499523525,1.5911809473821557,1.261937919284511
Workday,06:00,3.0236514666666663,1.8391170666666667,3.499523525,1.5911809473821557,1.4324705192845106
Workday,06:05,3.0738668,1.8391170666666667,3.499523525,1.5911809473821557,1.4826858526178441
Workday,06:10,3.060559,1.8391170666666667,3.499523525,1.5911809473821557,1.4693780526178444
Workday,06:15,3.2861371999999998,1.8391170666666667,3.499523525,1.5911809473821557,1.694956252617844
Workday,06:20,3.315392533333333,1.8391170666666667,3.499523525,1.5911809473821557,1.7242115859511775
Workday,06:25,3.2928667999999996,1.8391170666666667,3.499523525,1.5911809473821557,1.701685852617844
Workday,06:30,3.4688438,1.8391170666666667,3.499523525,1.5911809473821557,1.8776628526178445
Workday,06:35,3.439050133333333,1.8391170666666667,3.499523525,1.5911809473821557,1.8478691859511776
Workday,06:40,3.480091266666667,1.8391170666666667,3.499523525,1.5911809473821557,1.8889103192845111
Workday,06:45,3.6044435333333333,1.8391170666666667,3.499523525,1.5911809473821557,2.0132625859511775
Workday,06:50,3.6115828,1.8391170666666667,3.499523525,1.5911809473821557,2.0204018526178444
Workday,06:55,3.622122933333333,1.8391170666666667,3.499523525,1.5911809473821557,2.030941985951177
Workday,07:00,3.5689343333333334,1.8391170666666667,3.499523525,1.5911809473821557,1.9777533859511778
Workday,07:05,3.5481879333333333,1.8391170666666667,3.499523525,1.5911809473821557,1.9570069859511776
Workday,07:10,3.6057688,1.8391170666666667,3.499523525,1.5911809473821557,2.0145878526178445
Workday,07:15,3.6858172666666666,1.8391170666666667,3.499523525,1.5911809473821557,2.094636319284511
Workday,07:20,3.6877688,1.8391170666666667,3.499523525,1.5911809473821557,2.0965878526178443
Workday,07:25,3.8110088,1.8391170666666667,3.499523525,1.5911809473821557,2.2198278526178443
Workday,07:30,3.9131108,1.8391170666666667,3.499523525,1.5911809473821557,2.3219298526178447
Workday,07:35,3.9550546,1.8391170666666667,3.499523525,1.5911809473821557,2.363873652617844
Workday,07:40,4.068730933333333,1.8391170666666667,3.499523525,1.5911809473821557,2.4775499859511774
Workday,07:45,4.0361116,1.8391170666666667,3.499523525,1.5911809473821557,2.4449306526178445
Workday,07:50,3.9670628666666667,1.8391170666666667,3.499523525,1.5911809473821557,2.3758819192845113
Workday,07:55,4.0564236,1.8391170666666667,3.499523525,1.5911809473821557,2.465242652617844
Workday,08:00,4.015577733333333,1.8391170666666667,3.499523525,1.5911809473821557,2.4243967859511777
Workday,08:05,4.009512733333334,1.8391170666666667,3.499523525,1.5911809473821557,2.418331785951178
Workday,08:10,4.012591333333334,1.8391170666666667,3.499523525,1.5911809473821557,2.4214103859511784
Workday,08:15,4.051719333333334,1.8391170666666667,3.499523525,1.5911809473821557,2.4605383859511782
Workday,08:20,4.1464940666666665,1.8391170666666667,3.499523525,1.5911809473821557,2.555313119284511
Workday,08:25,4.1633325333333335,1.8391170666666667,3.499523525,1.5911809473821557,2.572151585951178
Workday,08:30,4.172251466666667,1.8391170666666667,3.499523525,1.5911809473821557,2.581070519284512
Workday,08:35,4.1675704,1.8391170666666667,3.499523525,1.5911809473821557,2.5763894526178444
Workday,08:40,4.177036,1.8391170666666667,3.499523525,1.5911809473821557,2.5858550526178448
Workday,08:45,4.177403066666667,1.8391170666666667,3.499523525,1.5911809473821557,2.5862221192845114
Workday,08:50,3.996989,1.8391170666666667,3.499523525,1.5911809473821557,2.4058080526178447
Workday,08:55,4.0131118,1.8391170666666667,3.499523525,1.5911809473821557,2.4219308526178445
Workday,09:00,4.051387733333334,1.8391170666666667,3.499523525,1.5911809473821557,2.4602067859511783
Workday,09:05,4.033347666666667,1.8391170666666667,3.499523525,1.5911809473821557,2.4421667192845113
Workday,09:10,4.077445133333333,1.8391170666666667,3.499523525,1.5911809473821557,2.4862641859511774
Workday,09:15,4.102678733333333,1.8391170666666667,3.499523525,1.5911809473821557,2.5114977859511773
Workday,09:20,4.093346066666666,1.8391170666666667,3.499523525,1.5911809473821557,2.502165119284511
Workday,09:25,4.028467666666667,1.8391170666666667,3.499523525,1.5911809473821557,2.4372867192845113
Workday,09:30,3.986381,1.8391170666666667,3.499523525,1.5911809473821557,2.3952000526178443
Workday,09:35,3.831842066666667,1.8391170666666667,3.499523525,1.5911809473821557,2.2406611192845114
Workday,09:40,3.907084066666667,1.8391170666666667,3.499523525,1.5911809473821557,2.3159031192845116
Workday,09:45,3.896340933333333,1.8391170666666667,3.499523525,1.5911809473821557,2.3051599859511773
Workday,09:50,3.8845508666666664,1.8391170666666667,3.499523525,1.5911809473821557,2.293369919284511
Workday,09:55,3.8887107333333333,1.8391170666666667,3.499523525,1.5911809473821557,2.297529785951178
Workday,10:00,3.8965248666666668,1.8391170666666667,3.499523525,1.5911809473821557,2.3053439192845113
Workday,10:05,3.9442950666666667,1.8391170666666667,3.499523525,1.5911809473821557,2.353114119284511
Workday,10:10,3.971689666666667,1.8391170666666667,3.499523525,1.5911809473821557,2.380508719284511
Workday,10:15,3.9418280666666665,1.8391170666666667,3.499523525,1.5911809473821557,2.3506471192845106
Workday,10:20,3.8697344,1.8391170666666667,3.499523525,1.5911809473821557,2.278553452617844
Workday,10:25,3.8705472,1.8391170666666667,3.499523525,1.5911809473821557,2.2793662526178444
Workday,10:30,3.848618266666667,1.8391170666666667,3.499523525,1.5911809473821557,2.257437319284511
Workday,10:35,3.8022891333333333,1.8391170666666667,3.499523525,1.5911809473821557,2.2111081859511774
Workday,10:40,3.8361648666666666,1.8391170666666667,3.499523525,1.5911809473821557,2.244983919284511
Workday,10:45,3.8217712666666666,1.8391170666666667,3.499523525,1.5911809473821557,2.230590319284511
Workday,10:50,3.6154235333333333,1.8391170666666667,3.499523525,1.5911809473821557,2.0242425859511775
Workday,10:55,3.7199456000000004,1.8391170666666667,3.499523525,1.5911809473821557,2.1287646526178445
Workday,11:00,3.6442232,1.8391170666666667,3.499523525,1.5911809473821557,2.0530422526178445
Workday,11:05,3.748789266666667,1.8391170666666667,3.499523525,1.5911809473821557,2.1576083192845115
Workday,11:10,3.6312256666666665,1.8391170666666667,3.499523525,1.5911809473821557,2.040044719284511
Workday,11:15,3.6397452,1.8391170666666667,3.499523525,1.5911809473821557,2.0485642526178447
Workday,11:20,3.7921714,1.8391170666666667,3.499523525,1.5911809473821557,2.2009904526178445
Workday,11:25,3.8042351333333335,1.8391170666666667,3.499523525,1.5911809473821557,2.2130541859511776
Workday,11:30,3.7999174,1.8391170666666667,3.499523525,1.5911809473821557,2.2087364526178446
Workday,11:35,3.7136182,1.8391170666666667,3.499523525,1.5911809473821557,2.1224372526178445
Workday,11:40,3.9048287333333334,1.8391170666666667,3.499523525,1.5911809473821557,2.3136477859511775
Workday,11:45,3.8241168666666665,1.8391170666666667,3.499523525,1.5911809473821557,2.232935919284511
Workday,11:50,3.8585637333333334,1.8391170666666667,3.499523525,1.5911809473821557,2.2673827859511775
Workday,11:55,3.799247333333333,1.8391170666666667,3.499523525,1.5911809473821557,2.2080663859511773
Workday,12:00,3.846457266666667,1.8391170666666667,3.499523525,1.5911809473821557,2.255276319284511
Workday,12:05,3.8162220000000002,1.8391170666666667,3.499523525,1.5911809473821557,2.2250410526178444
Workday,12:10,3.7160238666666667,1.8391170666666667,3.499523525,1.5911809473821557,2.124842919284511
Workday,12:15,3.620456333333333,1.8391170666666667,3.499523525,1.5911809473821557,2.029275385951177
Workday,12:20,3.6932967333333333,1.8391170666666667,3.499523525,1.5911809473821557,2.1021157859511774
Workday,12:25,3.7167787333333333,1.8391170666666667,3.499523525,1.5911809473821557,2.125597785951178
Workday,12:30,3.6420038,1.8391170666666667,3.499523525,1.5911809473821557,2.050822852617844
Workday,12:35,3.6419318666666665,1.8391170666666667,3.499523525,1.5911809473821557,2.0507509192845106
Workday,12:40,3.7329441333333335,1.8391170666666667,3.499523525,1.5911809473821557,2.141763185951178
Workday,12:45,3.750471533333333,1.8391170666666667,3.499523525,1.5911809473821557,2.1592905859511777
Workday,12:50,3.537026,1.8391170666666667,3.499523525,1.5911809473821557,1.9458450526178444
Workday,12:55,3.596700333333333,1.8391170666666667,3.499523525,1.5911809473821557,2.0055193859511773
Workday,13:00,3.527493133333333,1.8391170666666667,3.499523525,1.5911809473821557,1.9363121859511774
Workday,13:05,3.6721455333333335,1.8391170666666667,3.499523525,1.5911809473821557,2.080964585951178
Workday,13:10,3.6623856,1.8391170666666667,3.499523525,1.5911809473821557,2.071204652617844
Workday,13:15,3.6281832,1.8391170666666667,3.499523525,1.5911809473821557,2.037002252617844
Workday,13:20,3.776068066666667,1.8391170666666667,3.499523525,1.5911809473821557,2.184887119284511
Workday,13:25,3.6198488666666666,1.8391170666666667,3.499523525,1.5911809473821557,2.028667919284511
Workday,13:30,3.7338200666666665,1.8391170666666667,3.499523525,1.5911809473821557,2.142639119284511
Workday,13:35,3.682563866666667,1.8391170666666667,3.499523525,1.5911809473821557,2.091382919284511
Workday,13:40,3.703208066666667,1.8391170666666667,3.499523525,1.5911809473821557,2.1120271192845115
Workday,13:45,3.686961666666667,1.8391170666666667,3.499523525,1.5911809473821557,2.0957807192845115
Workday,13:50,3.7111628666666667,1.8391170666666667,3.499523525,1.5911809473821557,2.119981919284511
Workday,13:55,3.6933314,1.8391170666666667,3.499523525,1.5911809473821557,2.1021504526178445
Workday,14:00,3.5542588666666663,1.8391170666666667,3.499523525,1.5911809473821557,1.9630779192845107
Workday,14:05,3.5447852,1.8391170666666667,3.499523525,1.5911809473821557,1.9536042526178445
Workday,14:10,3.6353140666666666,1.8391170666666667,3.499523525,1.5911809473821557,2.0441331192845107
Workday,14:15,3.4921716,1.8391170666666667,3.499523525,1.5911809473821557,1.9009906526178442
Workday,14:20,3.5525796666666665,1.8391170666666667,3.499523525,1.5911809473821557,1.9613987192845108
Workday,14:25,3.526268133333333,1.8391170666666667,3.499523525,1.5911809473821557,1.9350871859511776
Workday,14:30,3.5282171333333334,1.8391170666666667,3.499523525,1.5911809473821557,1.9370361859511778
Workday,14:35,3.3798049999999997,1.8391170666666667,3.499523525,1.5911809473821557,1.788624052617844
Workday,14:40,3.6011401333333333,1.8391170666666667,3.499523525,1.5911809473821557,2.0099591859511774
Workday,14:45,3.5094056,1.8391170666666667,3.499523525,1.5911809473821557,1.9182246526178444
Workday,14:50,3.633730733333333,1.8391170666666667,3.499523525,1.5911809473821557,2.042549785951177
Workday,14:55,3.4644392666666666,1.8391170666666667,3.499523525,1.5911809473821557,1.873258319284511
Workday,15:00,3.5121958666666666,1.8391170666666667,3.499523525,1.5911809473821557,1.921014919284511
Workday,15:05,3.5443623333333334,1.8391170666666667,3.499523525,1.5911809473821557,1.9531813859511777
Workday,15:10,3.3660728,1.8391170666666667,3.499523525,1.5911809473821557,1.7748918526178443
Workday,15:15,3.4072075333333336,1.8391170666666667,3.499523525,1.5911809473821557,1.816026585951178
Workday,15:20,3.6826956666666666,1.8391170666666667,3.499523525,1.5911809473821557,2.091514719284511
Workday,15:25,3.5654597333333333,1.8391170666666667,3.499523525,1.5911809473821557,1.9742787859511777
Workday,15:30,3.571533066666667,1.8391170666666667,3.499523525,1.5911809473821557,1.9803521192845113
Workday,15:35,3.613709133333333,1.8391170666666667,3.499523525,1.5911809473821557,2.0225281859511774
Workday,15:40,3.8590622,1.8391170666666667,3.499523525,1.5911809473821557,2.267881252617844
Workday,15:45,3.717245333333333,1.8391170666666667,3.499523525,1.5911809473821557,2.126064385951177
Workday,15:50,3.5967688666666664,1.8391170666666667,3.499523525,1.5911809473821557,2.005587919284511
Workday,15:55,3.5931698666666665,1.8391170666666667,3.499523525,1.5911809473821557,2.0019889192845106
Workday,16:00,3.7408984,1.8391170666666667,3.499523525,1.5911809473821557,2.1497174526178444
Workday,16:05,3.7836687333333336,1.8391170666666667,3.499523525,1.5911809473821557,2.1924877859511778
Workday,16:10,3.7889448000000003,1.8391170666666667,3.499523525,1.5911809473821557,2.197763852617845
Workday,16:15,3.8328495333333334,1.8391170666666667,3.499523525,1.5911809473821557,2.241668585951178
Workday,16:20,3.904363666666667,1.8391170666666667,3.499523525,1.5911809473821557,2.3131827192845114
Workday,16:25,3.8538290666666666,1.8391170666666667,3.499523525,1.5911809473821557,2.2626481192845107
Workday,16:30,3.8455119333333334,1.8391170666666667,3.499523525,1.5911809473821557,2.254330985951178
Workday,16:35,3.8934869333333335,1.8391170666666667,3.499523525,1.5911809473821557,2.302305985951178
Workday,16:40,3.9307925999999997,1.8391170666666667,3.499523525,1.5911809473821557,2.339611652617844
Workday,16:45,3.9940383333333336,1.8391170666666667,3.499523525,1.5911809473821557,2.4028573859511777
Workday,16:50,4.060727466666667,1.8391170666666667,3.499523525,1.5911809473821557,2.4695465192845116
Workday,16:55,4.048915466666666,1.8391170666666667,3.499523525,1.5911809473821557,2.457734519284511
Workday,17:00,4.1124284,1.8391170666666667,3.499523525,1.5911809473821557,2.5212474526178443
Workday,17:05,4.058042333333334,1.8391170666666667,3.499523525,1.5911809473821557,2.4668613859511783
Workday,17:10,4.020864333333333,1.8391170666666667,3.499523525,1.5911809473821557,2.4296833859511775
Workday,17:15,4.2687995999999995,1.8391170666666667,3.499523525,1.5911809473821557,2.677618652617844
Workday,17:20,4.243122466666667,1.8391170666666667,3.499523525,1.5911809473821557,2.6519415192845113
Workday,17:25,4.267133066666667,1.8391170666666667,3.499523525,1.5911809473821557,2.6759521192845117
Workday,17:30,4.333703799999999,1.8391170666666667,3.499523525,1.5911809473821557,2.742522852617844
Workday,17:35,4.427765333333332,1.8391170666666667,3.499523525,1.5911809473821557,2.836584385951177
Workday,17:40,4.404000333333333,1.8391170666666667,3.499523525,1.5911809473821557,2.812819385951178
Workday,17:45,4.388719666666666,1.8391170666666667,3.499523525,1.5911809473821557,2.7975387192845105
Workday,17:50,4.531915466666666,1.8391170666666667,3.499523525,1.5911809473821557,2.9407345192845105
Workday,17:55,4.680351533333334,1.8391170666666667,3.499523525,1.5911809473821557,3.0891705859511784
Workday,18:00,4.6130374,1.8391170666666667,3.499523525,1.5911809473821557,3.021856452617844
Workday,18:05,4.4976312,1.8391170666666667,3.499523525,1.5911809473821557,2.9064502526178444
Workday,18:10,4.466708533333334,1.8391170666666667,3.499523525,1.5911809473821557,2.875527585951178
Workday,18:15,4.507091733333334,1.8391170666666667,3.499523525,1.5911809473821557,2.915910785951178
Workday,18:20,4.502281333333333,1.8391170666666667,3.499523525,1.5911809473821557,2.911100385951178
Workday,18:25,4.479495133333333,1.8391170666666667,3.499523525,1.5911809473821557,2.8883141859511774
Workday,18:30,4.498077066666666,1.8391170666666667,3.499523525,1.5911809473821557,2.906896119284511
Workday,18:35,4.528474,1.8391170666666667,3.499523525,1.5911809473821557,2.9372930526178447
Workday,18:40,4.5635102,1.8391170666666667,3.499523525,1.5911809473821557,2.972329252617844
Workday,18:45,4.593515933333333,1.8391170666666667,3.499523525,1.5911809473821557,3.002334985951178
Workday,18:50,4.5158654,1.8391170666666667,3.499523525,1.5911809473821557,2.9246844526178446
Workday,18:55,4.529467333333333,1.8391170666666667,3.499523525,1.5911809473821557,2.9382863859511774
Workday,19:00,4.598208733333333,1.8391170666666667,3.499523525,1.5911809473821557,3.007027785951178
Workday,19:05,4.5975184,1.8391170666666667,3.499523525,1.5911809473821557,3.006337452617845
Workday,19:10,4.5803676,1.8391170666666667,3.499523525,1.5911809473821557,2.9891866526178443
Workday,19:15,4.707102733333333,1.8391170666666667,3.499523525,1.5911809473821557,3.115921785951177
Workday,19:20,4.7525591333333335,1.8391170666666667,3.499523525,1.5911809473821557,3.161378185951178
Workday,19:25,4.713527466666666,1.8391170666666667,3.499523525,1.5911809473821557,3.122346519284511
Workday,19:30,4.749062466666667,1.8391170666666667,3.499523525,1.5911809473821557,3.157881519284512
Workday,19:35,4.7227384,1.8391170666666667,3.499523525,1.5911809473821557,3.1315574526178445
Workday,19:40,4.649203,1.8391170666666667,3.499523525,1.5911809473821557,3.0580220526178445
Workday,19:45,4.623523266666666,1.8391170666666667,3.499523525,1.5911809473821557,3.0323423192845107
Workday,19:50,4.546587733333333,1.8391170666666667,3.499523525,1.5911809473821557,2.955406785951178
Workday,19:55,4.554728266666667,1.8391170666666667,3.499523525,1.5911809473821557,2.963547319284512
Workday,20:00,4.561768466666666,1.8391170666666667,3.499523525,1.5911809473821557,2.9705875192845106
Workday,20:05,4.577903933333333,1.8391170666666667,3.499523525,1.5911809473821557,2.986722985951178
Workday,20:10,4.635977,1.8391170666666667,3.499523525,1.5911809473821557,3.044796052617844
Workday,20:15,4.572305933333333,1.8391170666666667,3.499523525,1.5911809473821557,2.981124985951178
Workday,20:20,4.588795666666667,1.8391170666666667,3.499523525,1.5911809473821557,2.9976147192845115
Workday,20:25,4.603169533333333,1.8391170666666667,3.499523525,1.5911809473821557,3.011988585951178
Workday,20:30,4.511262400000001,1.8391170666666667,3.499523525,1.5911809473821557,2.920081452617845
Workday,20:35,4.536169266666667,1.8391170666666667,3.499523525,1.5911809473821557,2.944988319284511
Workday,20:40,4.536983466666666,1.8391170666666667,3.499523525,1.5911809473821557,2.945802519284511
Workday,20:45,4.545375666666667,1.8391170666666667,3.499523525,1.5911809473821557,2.9541947192845113
Workday,20:50,4.5804408,1.8391170666666667,3.499523525,1.5911809473821557,2.9892598526178444
Workday,20:55,4.4706882,1.8391170666666667,3.499523525,1.5911809473821557,2.8795072526178442
Workday,21:00,4.427883466666667,1.8391170666666667,3.499523525,1.5911809473821557,2.8367025192845112
Workday,21:05,4.371341,1.8391170666666667,3.499523525,1.5911809473821557,2.7801600526178447
Workday,21:10,4.395921066666667,1.8391170666666667,3.499523525,1.5911809473821557,2.804740119284512
Workday,21:15,4.337069933333334,1.8391170666666667,3.499523525,1.5911809473821557,2.7458889859511784
Workday,21:20,4.2615704,1.8391170666666667,3.499523525,1.5911809473821557,2.6703894526178447
Workday,21:25,4.3236872,1.8391170666666667,3.499523525,1.5911809473821557,2.7325062526178447
Workday,21:30,4.351674066666666,1.8391170666666667,3.499523525,1.5911809473821557,2.7604931192845106
Workday,21:35,4.337462933333333,1.8391170666666667,3.499523525,1.5911809473821557,2.7462819859511773
Workday,21:40,4.2813508,1.8391170666666667,3.499523525,1.5911809473821557,2.690169852617845
Workday,21:45,4.233136333333333,1.8391170666666667,3.499523525,1.5911809473821557,2.641955385951178
Workday,21:50,4.039151466666667,1.8391170666666667,3.499523525,1.5911809473821557,2.447970519284511
Workday,21:55,4.0386618,1.8391170666666667,3.499523525,1.5911809473821557,2.4474808526178444
Workday,22:00,3.9020216666666667,1.8391170666666667,3.499523525,1.5911809473821557,2.310840719284511
Workday,22:05,3.8399962666666667,1.8391170666666667,3.499523525,1.5911809473821557,2.2488153192845113
Workday,22:10,3.9409177333333334,1.8391170666666667,3.499523525,1.5911809473821557,2.349736785951178
Workday,22:15,3.672092333333333,1.8391170666666667,3.499523525,1.5911809473821557,2.080911385951177
Workday,22:20,3.7105808666666666,1.8391170666666667,3.499523525,1.5911809473821557,2.119399919284511
Workday,22:25,3.7352535333333337,1.8391170666666667,3.499523525,1.5911809473821557,2.144072585951178
Workday,22:30,3.7325023333333336,1.8391170666666667,3.499523525,1.5911809473821557,2.141321385951178
Workday,22:35,3.5904176666666667,1.8391170666666667,3.499523525,1.5911809473821557,1.999236719284511
Workday,22:40,3.6453410666666666,1.8391170666666667,3.499523525,1.5911809473821557,2.0541601192845107
Workday,22:45,3.5293881333333332,1.8391170666666667,3.499523525,1.5911809473821557,1.9382071859511776
Workday,22:50,3.5765164666666664,1.8391170666666667,3.499523525,1.5911809473821557,1.9853355192845108
Workday,22:55,3.5363368,1.8391170666666667,3.499523525,1.5911809473821557,1.9451558526178443
Workday,23:00,3.3809893333333334,1.8391170666666667,3.499523525,1.5911809473821557,1.7898083859511777
Workday,23:05,3.3819083333333335,1.8391170666666667,3.499523525,1.5911809473821557,1.7907273859511779
Workday,23:10,3.234676,1.8391170666666667,3.499523525,1.5911809473821557,1.6434950526178442
Workday,23:15,3.2429944666666666,1.8391170666666667,3.499523525,1.5911809473821557,1.651813519284511
Workday,23:20,3.1291360666666668,1.8391170666666667,3.499523525,1.5911809473821557,1.5379551192845111
Workday,23:25,3.0117304,1.8391170666666667,3.499523525,1.5911809473821557,1.4205494526178442
Workday,23:30,2.9871451333333336,1.8391170666666667,3.499523525,1.5911809473821557,1.395964185951178
Workday,23:35,2.9923142,1.8391170666666667,3.499523525,1.5911809473821557,1.4011332526178444
Workday,23:40,2.8174177333333335,1.8391170666666667,3.499523525,1.5911809473821557,1.2262367859511778
Workday,23:45,2.8864354000000003,1.8391170666666667,3.499523525,1.5911809473821557,1.2952544526178447
Workday,23:50,2.8514172,1.8391170666666667,3.499523525,1.5911809473821557,1.2602362526178446
Workday,23:55,2.632636466666667,1.8391170666666667,3.499523525,1.5911809473821557,1.0414555192845112
